,DataHorario_Jogo,clube_mandante,clube_visitante,placar_mandante,placar_visitante,posse_de_bola_mandante,posse_de_bola_visitante,tentativas_de_gol_mandante,tentativas_de_gol_visitante,finalizacoes_mandante,finalizacoes_visitante,chutes_fora_mandante,chutes_fora_visitante,chutes_bloqueados_mandante,chutes_bloqueados_visitante,faltas_cobradas_mandante,faltas_cobradas_visitante,escanteios_mandante,escanteios_visitante,impedimentos_mandante,impedimentos_visitante,laterais_cobrados_mandante,laterais_cobrados_visitante,defesas_de_goleiro_mandante,defesas_de_goleiro_visitante,faltas_mandante,faltas_visitante,cartoes_amarelos_mandante,cartoes_amarelos_visitante,cartoes_vermelhos_mandante,cartoes_vermelhos_visitante,total_de_passes_mandante,total_de_passes_visitante,passes_completados_mandante,passes_completados_visitante,desarmes_mandante,desarmes_visitante,ataques_mandante,ataques_visitante,ataques_perigosos_mandante,ataques_perigosos_visitante,urls
0,2022-08-06 19:00:00,Cruzeiro,Tombense,2,0,66%,34%,22,6,6,1,11,3,5,2,13,16,7,4,2,1,27,20,1,4,14,12,1,2,0,0,548,292,483,216,14,6,125,55,61,12,https://www.flashscore.com.br/jogo/UVfYMYcj/#/resumo-de-jogo/estatisticas-de-jogo/0
1,2022-08-06 19:00:00,Novorizontino,Londrina,0,1,68%,32%,10,17,3,3,4,9,3,5,15,10,4,9,1,1,29,20,2,3,9,14,3,2,0,0,514,236,423,158,13,15,119,77,61,39,https://www.flashscore.com.br/jogo/2Hvhs3q5/#/resumo-de-jogo/estatisticas-de-jogo/0
2,2022-08-06 16:30:00,Bahia,CSA,1,0,50%,50%,20,7,3,1,12,2,5,4,21,15,6,6,1,0,22,25,1,2,13,21,0,1,0,0,415,434,320,325,18,16,110,98,51,24,https://www.flashscore.com.br/jogo/n75TNErp/#/resumo-de-jogo/estatisticas-de-jogo/0
3,2022-08-05 21:30:00,Guarani,Grêmio,1,2,64%,36%,12,8,3,3,5,4,4,1,16,17,10,5,2,0,25,27,1,2,15,15,3,0,0,0,485,275,397,180,11,14,129,84,56,21,https://www.flashscore.com.br/jogo/Yymyoopt/#/resumo-de-jogo/estatisticas-de-jogo/0
4,2022-08-05 19:00:00,Operário,Náutico,1,0,59%,41%,15,5,6,3,5,0,4,2,20,22,13,4,1,3,43,31,3,5,21,17,2,1,0,0,413,306,328,208,8,20,129,70,55,30,https://www.flashscore.com.br/jogo/t8wdtNbB/#/resumo-de-jogo/estatisticas-de-jogo/0
5,2022-08-05 19:00:00,Vila Nova,Ituano,1,1,54%,46%,14,13,3,2,9,9,2,2,12,13,3,2,2,1,28,27,1,2,10,12,5,2,0,0,478,396,400,322,20,15,83,105,35,37,https://www.flashscore.com.br/jogo/t6bxMhDd/#/resumo-de-jogo/estatisticas-de-jogo/0
6,2022-08-04 21:30:00,CRB,Ponte Preta,1,1,46%,54%,8,9,3,3,3,2,2,4,18,22,2,5,2,0,26,31,2,2,20,18,1,2,0,0,322,370,210,276,27,15,89,126,34,51,https://www.flashscore.com.br/jogo/CSoup5an/#/resumo-de-jogo/estatisticas-de-jogo/0
7,2022-08-04 19:00:00,Brusque,Sampaio Corrêa,1,1,61%,39%,17,16,6,4,5,9,6,3,16,10,5,3,1,0,26,26,3,5,10,17,4,3,0,0,417,264,326,177,10,23,104,91,44,46,https://www.flashscore.com.br/jogo/KhkmrqUb/#/resumo-de-jogo/estatisticas-de-jogo/0
8,2022-08-02 21:30:00,Sport,Criciúma,1,1,60%,40%,13,6,3,3,8,1,2,2,20,14,4,2,2,1,34,30,2,2,14,19,1,4,0,0,442,300,331,178,23,19,126,103,53,30,https://www.flashscore.com.br/jogo/6koqqPEh/#/resumo-de-jogo/estatisticas-de-jogo/0
9,2022-07-30 20:30:00,CSA,Ituano,1,3,55%,45%,14,8,3,4,6,4,5,0,0,0,6,0,1,1,0,0,2,2,11,13,3,1,0,1,456,375,382,277,7,19,117,86,74,24,https://www.flashscore.com.br/jogo/C6A4XRFt/#/resumo-de-jogo/estatisticas-de-jogo/0
10,2022-07-30 19:00:00,Ponte Preta,Operário,3,0,45%,55%,11,8,5,3,2,3,4,2,12,34,5,4,2,1,28,27,3,2,29,11,4,5,0,0,277,347,213,252,13,17,90,67,38,29,https://www.flashscore.com.br/jogo/j34wx87P/#/resumo-de-jogo/estatisticas-de-jogo/0
11,2022-07-30 18:30:00,Novorizontino,Vila Nova,1,1,64%,36%,19,9,4,4,5,4,10,1,21,17,8,5,3,0,24,17,3,3,12,16,2,6,0,1,372,199,310,129,7,11,94,51,63,26,https://www.flashscore.com.br/jogo/2e3HUPaa/#/resumo-de-jogo/estatisticas-de-jogo/0
12,2022-07-30 16:00:00,Londrina,Criciúma,1,1,44%,56%,14,4,2,1,7,2,5,1,16,20,4,1,0,2,24,30,1,1,20,14,3,3,0,0,348,448,245,337,21,19,107,117,28,26,https://www.flashscore.com.br/jogo/tn2LTqF5/#/resumo-de-jogo/estatisticas-de-jogo/0
13,2022-07-30 11:00:00,Brusque,Cruzeiro,0,0,38%,62%,15,5,3,3,8,0,4,2,17,13,5,4,1,2,21,24,3,3,13,16,4,2,0,0,279,471,204,391,22,17,89,107,42,52,https://www.flashscore.com.br/jogo/YLbDV5pg/#/resumo-de-jogo/estatisticas-de-jogo/0
14,2022-07-29 21:30:00,Tombense,Sampaio Corrêa,3,0,54%,46%,10,13,5,3,3,5,2,5,14,15,3,4,0,0,26,24,3,2,15,14,1,1,0,0,461,384,368,300,13,11,84,119,20,40,https://www.flashscore.com.br/jogo/WzeYQsaO/#/resumo-de-jogo/estatisticas-de-jogo/0
15,2022-07-29 19:00:00,Bahia,Náutico,3,0,49%,51%,18,8,6,2,7,2,5,4,11,12,7,7,0,0,18,20,2,3,13,11,2,1,0,0,380,402,316,327,14,13,97,89,44,32,https://www.flashscore.com.br/jogo/xEeURNqI/#/resumo-de-jogo/estatisticas-de-jogo/0
16,2022-07-28 21:30:00,Sport,Guarani,2,1,40%,60%,11,7,4,3,5,2,2,2,12,14,6,11,3,0,16,24,2,2,11,13,3,2,0,0,322,476,269,409,13,6,82,115,27,59,https://www.flashscore.com.br/jogo/fVa9WoVn/#/resumo-de-jogo/estatisticas-de-jogo/0
17,2022-07-28 19:00:00,Vasco,CRB,4,0,35%,65%,17,9,7,1,7,5,3,3,15,15,3,1,1,3,23,17,1,3,14,12,1,3,0,0,278,542,229,475,19,16,75,114,51,29,https://www.flashscore.com.br/jogo/OAiQS3UB/#/resumo-de-jogo/estatisticas-de-jogo/0
18,2022-07-25 19:00:00,Criciúma,CSA,2,1,75%,25%,32,6,8,3,11,1,13,2,12,10,12,2,2,0,27,15,2,6,8,12,3,1,0,1,616,214,556,146,9,9,145,51,65,16,https://www.flashscore.com.br/jogo/ChVVIS0m/#/resumo-de-jogo/estatisticas-de-jogo/0
19,2022-07-25 19:00:00,Operário,Tombense,0,0,48%,52%,11,7,1,1,8,3,2,3,17,8,5,6,0,2,31,23,1,1,8,15,1,2,0,0,426,470,345,394,23,23,111,101,47,32,https://www.flashscore.com.br/jogo/8KOvH6Va/#/resumo-de-jogo/estatisticas-de-jogo/0
20,2022-07-24 11:00:00,Guarani,Brusque,1,1,52%,48%,15,12,4,4,8,3,3,5,9,15,7,9,2,0,29,20,3,3,13,10,2,1,0,0,367,346,292,275,10,17,103,81,51,32,https://www.flashscore.com.br/jogo/OSpdPUNJ/#/resumo-de-jogo/estatisticas-de-jogo/0
21,2022-07-23 20:30:00,CRB,Novorizontino,2,1,44%,56%,14,12,8,2,5,6,1,4,17,21,4,5,2,3,12,32,1,6,19,15,4,4,0,0,339,423,256,328,7,8,69,124,32,46,https://www.flashscore.com.br/jogo/2Jq0OlwQ/#/resumo-de-jogo/estatisticas-de-jogo/0
22,2022-07-23 19:00:00,Ituano,Chapecoense,1,0,42%,58%,16,18,3,3,9,12,4,3,9,17,9,6,2,0,23,21,3,2,15,10,3,4,0,0,302,418,225,348,15,13,92,118,39,39,https://www.flashscore.com.br/jogo/fHKzInGg/#/resumo-de-jogo/estatisticas-de-jogo/0
23,2022-07-23 18:30:00,Náutico,Londrina,1,2,56%,44%,8,7,2,2,4,1,2,4,16,24,7,1,6,2,22,24,0,1,18,14,1,4,0,0,401,329,329,252,12,8,94,79,38,21,https://www.flashscore.com.br/jogo/Y1WRJ8os/#/resumo-de-jogo/estatisticas-de-jogo/0
24,2022-07-23 16:30:00,Grêmio,Ponte Preta,2,1,40%,60%,12,18,3,3,5,9,4,6,21,22,5,7,3,1,23,37,2,1,19,20,2,4,0,0,278,407,208,323,25,21,76,124,33,32,https://www.flashscore.com.br/jogo/2sOrGQp6/#/resumo-de-jogo/estatisticas-de-jogo/0
25,2022-07-23 16:30:00,Vila Nova,Vasco,1,0,31%,69%,11,10,3,2,5,4,3,4,14,22,14,6,2,0,22,30,2,2,17,14,2,1,0,0,221,536,169,472,22,29,64,133,44,64,https://www.flashscore.com.br/jogo/x0GeDOUO/#/resumo-de-jogo/estatisticas-de-jogo/0
26,2022-07-23 16:00:00,Cruzeiro,Bahia,1,0,54%,46%,15,13,5,4,8,6,2,3,14,19,6,4,4,0,22,25,4,4,14,13,3,1,1,0,405,352,297,234,8,19,106,103,40,34,https://www.flashscore.com.br/jogo/b9HiE4FI/#/resumo-de-jogo/estatisticas-de-jogo/0
27,2022-07-20 21:30:00,Novorizontino,Operário,2,1,51%,49%,21,13,3,3,10,8,8,2,11,25,4,8,4,0,18,23,2,1,21,12,4,1,0,0,404,381,317,290,12,7,106,105,54,37,https://www.flashscore.com.br/jogo/fRJsydcC/#/resumo-de-jogo/estatisticas-de-jogo/0
28,2022-07-20 19:00:00,Chapecoense,Guarani,0,0,56%,44%,18,7,2,4,10,3,6,0,15,18,8,4,0,0,26,8,4,2,19,15,2,2,0,0,391,299,320,242,8,12,100,73,41,36,https://www.flashscore.com.br/jogo/pUacuBlb/#/resumo-de-jogo/estatisticas-de-jogo/0
29,2022-07-20 19:00:00,CSA,Cruzeiro,1,1,44%,56%,22,18,5,5,11,7,6,6,8,20,6,9,2,0,24,19,4,4,17,8,4,2,0,0,305,403,233,335,21,18,96,81,51,34,https://www.flashscore.com.br/jogo/K8RUwbDg/#/resumo-de-jogo/estatisticas-de-jogo/0
30,2022-07-20 19:00:00,Ponte Preta,Náutico,1,0,60%,40%,22,6,3,3,12,2,7,1,24,18,7,4,1,4,25,20,3,2,15,20,3,4,0,0,354,250,284,170,21,35,124,70,48,32,https://www.flashscore.com.br/jogo/jZMQvvbm/#/resumo-de-jogo/estatisticas-de-jogo/0
31,2022-07-19 21:30:00,Vasco,Ituano,1,1,70%,30%,11,9,5,4,6,4,0,1,21,13,3,6,3,0,31,23,3,4,9,21,3,4,0,0,601,251,515,163,15,20,135,86,81,43,https://www.flashscore.com.br/jogo/QDtFImso/#/resumo-de-jogo/estatisticas-de-jogo/0
32,2022-07-19 19:00:00,Bahia,CRB,1,1,48%,52%,16,7,2,3,6,3,8,1,9,14,7,1,1,1,30,31,2,1,11,9,1,1,0,0,367,420,275,328,15,14,123,81,49,21,https://www.flashscore.com.br/jogo/CG1ksXJo/#/resumo-de-jogo/estatisticas-de-jogo/0
33,2022-07-19 19:00:00,Brusque,Grêmio,1,1,53%,47%,9,5,1,3,6,2,2,0,17,14,1,4,0,1,28,36,2,0,14,16,2,1,0,0,405,371,315,277,17,21,118,97,64,33,https://www.flashscore.com.br/jogo/tOFwxxr6/#/resumo-de-jogo/estatisticas-de-jogo/0
34,2022-07-19 19:00:00,Londrina,Sampaio Corrêa,1,0,37%,63%,10,10,4,2,4,4,2,4,19,21,3,4,2,2,35,24,2,3,20,18,2,1,0,0,276,448,172,356,12,15,71,127,33,35,https://www.flashscore.com.br/jogo/llJozGCI/#/resumo-de-jogo/estatisticas-de-jogo/0
35,2022-07-19 19:00:00,Tombense,Criciúma,1,0,39%,61%,9,19,2,4,4,11,3,4,15,16,1,7,1,0,22,19,4,1,15,15,3,1,0,0,325,494,250,407,10,15,91,103,26,65,https://www.flashscore.com.br/jogo/j70gtiZi/#/resumo-de-jogo/estatisticas-de-jogo/0
36,2022-07-17 16:00:00,Cruzeiro,Novorizontino,2,1,47%,53%,12,14,5,3,5,7,2,4,12,12,5,3,1,1,29,30,2,3,10,11,3,1,0,0,368,411,270,302,13,9,109,83,50,41,https://www.flashscore.com.br/jogo/Ec3527G6/#/resumo-de-jogo/estatisticas-de-jogo/0
37,2022-07-17 16:00:00,Náutico,Chapecoense,1,2,55%,45%,18,16,5,6,10,5,3,5,11,15,8,6,0,0,26,25,4,4,14,11,0,2,0,0,409,347,333,268,13,13,110,97,62,53,https://www.flashscore.com.br/jogo/S0VHBBgK/#/resumo-de-jogo/estatisticas-de-jogo/0
38,2022-07-16 18:30:00,Guarani,Bahia,0,2,64%,36%,13,13,1,5,9,5,3,3,25,17,6,3,1,1,29,13,3,1,11,13,0,2,0,0,521,293,452,225,9,18,118,69,40,21,https://www.flashscore.com.br/jogo/0fwWm81D/#/resumo-de-jogo/estatisticas-de-jogo/0
39,2022-07-16 16:30:00,Grêmio,Tombense,3,0,55%,45%,21,5,7,4,10,0,4,1,12,17,6,2,1,0,17,16,4,4,11,10,1,2,0,0,488,407,426,348,29,16,124,84,63,19,https://www.flashscore.com.br/jogo/IV9d4Tof/#/resumo-de-jogo/estatisticas-de-jogo/0
40,2022-07-16 16:30:00,Sampaio Corrêa,Vasco,3,1,32%,68%,13,8,3,3,7,3,3,2,22,20,4,7,2,0,16,17,2,0,13,14,3,2,0,0,207,457,156,402,21,16,63,92,42,39,https://www.flashscore.com.br/jogo/z7413m10/#/resumo-de-jogo/estatisticas-de-jogo/0
41,2022-07-16 16:00:00,CRB,Brusque,1,1,60%,40%,18,7,4,4,8,2,6,1,22,21,7,1,2,3,18,18,3,3,15,12,3,1,0,0,478,329,412,261,10,14,109,82,48,21,https://www.flashscore.com.br/jogo/lAWDCivE/#/resumo-de-jogo/estatisticas-de-jogo/0
42,2022-07-16 11:00:00,Ituano,Londrina,0,0,57%,43%,10,10,5,1,4,7,1,2,16,32,3,7,3,3,29,22,1,5,20,8,3,2,0,0,471,358,382,262,5,6,112,82,46,26,https://www.flashscore.com.br/jogo/pIBl6kHs/#/resumo-de-jogo/estatisticas-de-jogo/0
43,2022-07-15 21:30:00,Vila Nova,CSA,1,2,52%,48%,16,12,6,6,6,5,4,1,8,8,3,6,0,0,29,23,4,5,8,8,1,1,0,0,435,405,357,334,9,17,89,117,49,61,https://www.flashscore.com.br/jogo/8K291RVC/#/resumo-de-jogo/estatisticas-de-jogo/0
44,2022-07-15 19:00:00,Criciúma,Ponte Preta,1,1,56%,44%,20,15,4,5,11,10,5,0,19,21,6,5,4,4,28,24,4,3,17,16,6,2,0,0,407,313,316,231,22,22,122,90,71,35,https://www.flashscore.com.br/jogo/APKMAV8Q/#/resumo-de-jogo/estatisticas-de-jogo/0
45,2022-07-09 18:30:00,Sampaio Corrêa,Ituano,2,0,50%,50%,12,14,4,1,5,8,3,5,18,13,6,4,4,0,19,29,1,2,6,11,0,2,0,0,353,360,280,270,12,18,110,95,44,38,https://www.flashscore.com.br/jogo/QyoJjAHf/#/resumo-de-jogo/estatisticas-de-jogo/0
46,2022-07-09 16:30:00,Criciúma,Vasco,0,1,60%,40%,26,11,4,2,8,3,14,6,15,18,6,6,0,3,23,18,1,4,19,12,1,5,0,0,471,312,377,221,16,14,138,68,86,27,https://www.flashscore.com.br/jogo/lxgoBv39/#/resumo-de-jogo/estatisticas-de-jogo/0
47,2022-07-09 16:30:00,Tombense,Chapecoense,2,1,49%,51%,8,16,4,4,3,9,1,3,21,8,5,6,0,1,16,32,3,2,8,20,1,3,0,0,370,376,296,308,13,17,82,104,21,56,https://www.flashscore.com.br/jogo/vukNkUW0/#/resumo-de-jogo/estatisticas-de-jogo/0
48,2022-07-09 16:00:00,Sport,Londrina,2,0,49%,51%,10,13,3,0,6,7,1,6,18,21,2,3,3,1,11,21,0,1,17,16,4,2,0,0,445,461,367,379,13,8,88,123,25,26,https://www.flashscore.com.br/jogo/fFgsCKm3/#/resumo-de-jogo/estatisticas-de-jogo/0
49,2022-07-09 11:00:00,Guarani,Cruzeiro,1,0,34%,66%,9,12,4,5,5,3,0,4,17,14,5,17,5,4,16,47,5,3,9,13,1,1,0,0,227,445,155,347,20,19,56,128,27,63,https://www.flashscore.com.br/jogo/v7BflHed/#/resumo-de-jogo/estatisticas-de-jogo/0
50,2022-07-08 21:30:00,Grêmio,Náutico,2,0,62%,38%,29,7,6,1,12,6,11,0,22,13,3,1,0,1,16,20,1,4,14,22,1,6,0,0,560,352,489,288,27,16,145,82,65,20,https://www.flashscore.com.br/jogo/WEoFij2l/#/resumo-de-jogo/estatisticas-de-jogo/0
51,2022-07-08 19:00:00,Vila Nova,Bahia,1,1,48%,52%,19,10,4,1,7,4,8,5,17,14,7,7,2,0,29,29,0,3,13,17,1,3,0,0,372,399,291,315,15,16,76,98,50,61,https://www.flashscore.com.br/jogo/M3vSlln7/#/resumo-de-jogo/estatisticas-de-jogo/0
52,2022-07-07 19:00:00,CSA,Ponte Preta,0,1,65%,35%,15,10,2,3,8,6,5,1,30,18,8,3,6,1,32,23,2,2,10,20,1,2,0,1,491,271,413,194,20,29,121,90,86,31,https://www.flashscore.com.br/jogo/tCkwD0Yd/#/resumo-de-jogo/estatisticas-de-jogo/0
53,2022-07-06 21:30:00,Novorizontino,Brusque,1,0,54%,46%,17,11,2,6,12,5,3,0,13,22,5,2,0,1,23,33,6,1,21,13,0,1,0,0,398,349,319,270,14,19,139,93,64,36,https://www.flashscore.com.br/jogo/SSikAbIF/#/resumo-de-jogo/estatisticas-de-jogo/0
54,2022-07-03 16:00:00,Bahia,Grêmio,0,0,56%,44%,19,5,3,1,11,2,5,2,14,11,4,9,1,2,26,33,1,3,11,13,2,2,0,0,396,305,309,216,11,14,115,90,29,44,https://www.flashscore.com.br/jogo/UXLKfJIS/#/resumo-de-jogo/estatisticas-de-jogo/0
55,2022-07-03 16:00:00,Vasco,Sport,0,0,53%,47%,14,10,2,5,9,1,3,4,15,17,9,3,1,1,30,23,5,2,18,13,3,2,0,0,422,397,351,310,19,28,117,88,56,13,https://www.flashscore.com.br/jogo/n9WFea3M/#/resumo-de-jogo/estatisticas-de-jogo/0
56,2022-07-03 11:00:00,Ponte Preta,Tombense,0,0,54%,46%,20,5,6,0,10,4,4,1,21,14,13,2,3,1,20,17,0,6,11,20,2,4,0,0,343,327,280,257,26,23,123,88,70,24,https://www.flashscore.com.br/jogo/hjmDyvCj/#/resumo-de-jogo/estatisticas-de-jogo/0
57,2022-07-02 20:30:00,CRB,Guarani,1,1,54%,46%,9,9,3,3,5,3,1,3,25,14,5,7,2,3,24,25,2,2,12,23,2,1,0,0,396,329,333,262,6,13,87,81,49,34,https://www.flashscore.com.br/jogo/6gye0Nli/#/resumo-de-jogo/estatisticas-de-jogo/0
58,2022-07-02 18:30:00,Náutico,Novorizontino,3,1,37%,63%,15,20,7,3,6,6,2,11,10,17,2,7,3,0,25,26,2,4,14,11,2,4,0,0,309,492,226,400,16,12,78,156,28,56,https://www.flashscore.com.br/jogo/ppzaas4c/#/resumo-de-jogo/estatisticas-de-jogo/0
59,2022-07-02 16:00:00,Ituano,Criciúma,1,2,52%,48%,15,14,7,4,4,4,4,6,12,20,8,5,1,3,38,22,2,6,19,9,3,2,0,0,361,352,269,253,17,13,111,109,54,31,https://www.flashscore.com.br/jogo/tCT7cLY9/#/resumo-de-jogo/estatisticas-de-jogo/0
60,2022-07-02 11:00:00,Londrina,CSA,0,0,54%,46%,18,4,3,1,5,0,10,3,20,16,7,4,2,3,22,28,1,3,14,17,1,2,0,0,448,393,368,308,11,13,119,93,49,43,https://www.flashscore.com.br/jogo/zZSBdulG/#/resumo-de-jogo/estatisticas-de-jogo/0
61,2022-07-01 21:30:00,Brusque,Operário,2,0,46%,54%,14,6,6,1,8,4,0,1,6,22,4,6,5,0,26,38,1,4,17,6,3,0,0,0,342,404,250,305,30,21,117,109,46,46,https://www.flashscore.com.br/jogo/2LU3b1J3/#/resumo-de-jogo/estatisticas-de-jogo/0
62,2022-07-01 21:30:00,Cruzeiro,Vila Nova,2,0,58%,42%,16,11,7,2,8,6,1,3,16,22,4,2,5,5,23,22,2,5,18,10,1,3,0,0,452,318,383,247,15,5,130,66,46,30,https://www.flashscore.com.br/jogo/Wt8njwRq/#/resumo-de-jogo/estatisticas-de-jogo/0
63,2022-06-29 21:30:00,CRB,Tombense,0,0,60%,40%,17,8,4,4,4,3,9,1,6,20,11,3,2,0,31,12,4,4,18,6,4,5,0,0,478,323,391,251,12,9,132,63,59,26,https://www.flashscore.com.br/jogo/vJHDmp5o/#/resumo-de-jogo/estatisticas-de-jogo/0
64,2022-06-29 21:30:00,Novorizontino,Vasco,2,0,52%,48%,19,10,8,3,6,5,5,2,14,20,5,2,2,0,31,21,3,6,18,15,3,3,0,1,365,351,290,249,12,13,120,91,40,24,https://www.flashscore.com.br/jogo/QZJPprk4/#/resumo-de-jogo/estatisticas-de-jogo/0
65,2022-06-29 19:00:00,Náutico,Criciúma,1,1,45%,55%,12,19,4,3,4,12,4,4,16,18,2,9,0,0,28,42,2,3,18,17,4,2,1,0,223,263,119,172,26,13,55,119,20,52,https://www.flashscore.com.br/jogo/I9GHn4Ki/#/resumo-de-jogo/estatisticas-de-jogo/0
66,2022-06-28 21:30:00,Cruzeiro,Sport,2,1,58%,42%,25,7,8,3,8,4,9,0,16,21,5,3,1,3,20,25,2,6,19,12,2,2,0,0,459,329,374,244,18,12,146,52,65,15,https://www.flashscore.com.br/jogo/Y56ts0lT/#/resumo-de-jogo/estatisticas-de-jogo/0
67,2022-06-28 21:30:00,Guarani,Ituano,0,2,65%,35%,10,14,4,5,5,6,1,3,43,17,3,4,1,1,23,22,3,4,12,30,5,4,0,0,488,258,398,180,8,15,127,92,35,32,https://www.flashscore.com.br/jogo/21YUO0Sp/#/resumo-de-jogo/estatisticas-de-jogo/0
68,2022-06-28 21:30:00,Vila Nova,Ponte Preta,1,1,48%,52%,18,6,4,3,10,3,4,0,26,25,5,4,5,1,22,22,2,3,20,26,2,3,0,0,290,321,216,247,20,13,89,87,44,59,https://www.flashscore.com.br/jogo/vmq9xKdp/#/resumo-de-jogo/estatisticas-de-jogo/0
69,2022-06-28 19:00:00,Brusque,Bahia,0,2,55%,45%,17,7,4,5,10,1,3,1,15,11,11,4,1,0,30,12,3,4,9,16,3,3,0,0,422,360,337,283,18,20,136,83,61,27,https://www.flashscore.com.br/jogo/CWFLoOZc/#/resumo-de-jogo/estatisticas-de-jogo/0
70,2022-06-28 19:00:00,Grêmio,Londrina,1,0,46%,54%,17,14,9,4,4,10,4,0,18,28,11,2,2,2,25,11,4,8,26,17,3,1,0,0,340,420,260,340,22,11,110,87,55,24,https://www.flashscore.com.br/jogo/nk8YrMJG/#/resumo-de-jogo/estatisticas-de-jogo/0
71,2022-06-27 20:00:00,Operário,Chapecoense,2,1,48%,52%,9,12,4,3,4,5,1,4,19,14,6,4,1,2,19,24,2,2,13,16,2,4,0,1,377,405,294,322,11,14,101,126,29,47,https://www.flashscore.com.br/jogo/8b9Uq24A/#/resumo-de-jogo/estatisticas-de-jogo/0
72,2022-06-26 11:00:00,Tombense,Náutico,1,1,66%,34%,17,9,3,5,8,2,6,2,20,15,7,6,0,2,23,19,4,2,15,19,1,5,0,2,488,261,409,183,20,19,111,64,58,28,https://www.flashscore.com.br/jogo/8pUeV2kH/#/resumo-de-jogo/estatisticas-de-jogo/0
73,2022-06-25 18:30:00,Sport,Brusque,0,0,63%,37%,23,11,6,5,9,4,8,2,15,13,9,3,0,0,29,19,5,6,13,15,3,3,0,0,491,281,408,214,19,19,125,71,55,26,https://www.flashscore.com.br/jogo/rwqWz7Lu/#/resumo-de-jogo/estatisticas-de-jogo/0
74,2022-06-25 16:00:00,Bahia,Novorizontino,0,1,50%,50%,18,10,4,4,9,1,5,5,18,11,4,4,1,1,33,38,3,4,10,18,2,2,0,0,365,360,262,254,30,27,109,119,46,46,https://www.flashscore.com.br/jogo/QLviWrzB/#/resumo-de-jogo/estatisticas-de-jogo/0
75,2022-06-25 11:00:00,Criciúma,Vila Nova,1,0,39%,61%,16,19,3,6,10,10,3,3,15,17,7,3,3,1,18,28,6,2,14,15,1,4,0,0,318,500,237,415,9,17,93,122,33,55,https://www.flashscore.com.br/jogo/dtmzzRzn/#/resumo-de-jogo/estatisticas-de-jogo/0
76,2022-06-24 19:00:00,Londrina,Guarani,3,1,36%,64%,10,15,3,2,2,12,5,1,21,25,3,3,2,4,24,31,1,0,17,11,2,1,0,0,302,512,208,432,14,12,90,129,27,58,https://www.flashscore.com.br/jogo/IeyqY45b/#/resumo-de-jogo/estatisticas-de-jogo/0
77,2022-06-24 19:00:00,Vasco,Operário,3,0,55%,45%,11,13,4,2,7,7,0,4,26,31,4,3,1,1,20,21,2,1,16,17,2,3,0,0,391,313,307,235,16,10,104,95,53,36,https://www.flashscore.com.br/jogo/nVumXOK4/#/resumo-de-jogo/estatisticas-de-jogo/0
78,2022-06-23 21:30:00,CSA,Grêmio,1,1,44%,56%,16,18,5,7,5,2,6,9,13,14,10,13,0,1,16,20,6,4,13,12,2,2,0,0,333,431,267,353,4,12,93,126,57,74,https://www.flashscore.com.br/jogo/6H7QFNkU/#/resumo-de-jogo/estatisticas-de-jogo/0
79,2022-06-23 21:30:00,Ponte Preta,Sampaio Corrêa,0,0,63%,37%,12,13,3,5,6,5,3,3,26,36,7,4,0,0,27,28,5,3,25,17,3,2,0,0,409,242,310,156,19,18,115,99,79,62,https://www.flashscore.com.br/jogo/SQ8MG3zO/#/resumo-de-jogo/estatisticas-de-jogo/0
80,2022-06-19 11:00:00,Guarani,CSA,0,0,50%,50%,16,9,3,1,7,8,6,0,15,14,5,4,0,2,21,15,1,3,14,11,0,1,0,0,422,425,346,350,23,17,108,101,49,42,https://www.flashscore.com.br/jogo/Iy5nX337/#/resumo-de-jogo/estatisticas-de-jogo/0
81,2022-06-18 18:30:00,Náutico,Sport,1,1,53%,47%,16,14,5,4,4,7,7,3,19,18,6,1,3,2,30,18,3,4,15,17,1,2,0,0,425,359,333,270,19,25,101,101,65,53,https://www.flashscore.com.br/jogo/YqZWvGMD/#/resumo-de-jogo/estatisticas-de-jogo/0
82,2022-06-18 16:00:00,Londrina,Vasco,0,1,46%,54%,15,8,2,4,12,4,1,0,15,20,6,2,1,2,26,27,3,2,19,13,2,4,0,0,367,430,259,334,17,15,128,104,67,50,https://www.flashscore.com.br/jogo/IZa8LRLh/#/resumo-de-jogo/estatisticas-de-jogo/0
83,2022-06-18 16:00:00,Novorizontino,Tombense,1,3,42%,58%,20,7,6,5,9,1,5,1,18,22,13,2,6,1,26,21,2,5,19,17,7,3,2,0,314,456,221,373,17,7,111,113,86,48,https://www.flashscore.com.br/jogo/vq14M76n/#/resumo-de-jogo/estatisticas-de-jogo/0
84,2022-06-18 11:00:00,Grêmio,Sampaio Corrêa,2,0,55%,45%,10,11,4,1,3,8,3,2,17,25,3,5,3,1,18,22,1,2,22,17,0,2,0,0,413,322,332,245,21,14,107,111,61,55,https://www.flashscore.com.br/jogo/0bkDKoya/#/resumo-de-jogo/estatisticas-de-jogo/0
85,2022-06-17 21:30:00,CRB,Ituano,1,1,67%,33%,12,15,4,6,4,8,4,1,19,12,9,7,2,1,18,18,5,3,10,19,3,4,0,0,478,221,391,139,5,12,152,95,94,74,https://www.flashscore.com.br/jogo/UB8jWNID/#/resumo-de-jogo/estatisticas-de-jogo/0
86,2022-06-17 19:00:00,Criciúma,Brusque,0,1,50%,50%,9,7,1,1,3,4,5,2,15,13,8,2,0,1,33,21,0,1,13,14,1,3,1,0,420,420,330,341,21,22,148,131,69,41,https://www.flashscore.com.br/jogo/A9d0Nmit/#/resumo-de-jogo/estatisticas-de-jogo/0
87,2022-06-16 20:00:00,Vila Nova,Operário,0,0,58%,42%,21,11,3,3,7,5,11,3,14,23,6,4,3,0,23,33,3,3,21,14,2,5,0,0,445,335,349,238,18,15,128,123,76,65,https://www.flashscore.com.br/jogo/nFiPHqLH/#/resumo-de-jogo/estatisticas-de-jogo/0
88,2022-06-16 16:00:00,Cruzeiro,Ponte Preta,2,0,58%,42%,10,11,3,3,3,4,4,4,13,14,7,4,3,2,13,31,3,1,11,11,1,1,0,1,439,320,353,229,22,17,118,97,73,45,https://www.flashscore.com.br/jogo/8OhLIP5B/#/resumo-de-jogo/estatisticas-de-jogo/0
89,2022-06-13 20:00:00,Sport,Grêmio,0,0,58%,42%,18,17,3,5,9,9,6,3,18,12,9,4,2,1,23,29,5,3,9,17,3,5,0,1,402,286,306,207,21,19,135,105,85,76,https://www.flashscore.com.br/jogo/dbYjrUB8/#/resumo-de-jogo/estatisticas-de-jogo/0
90,2022-06-12 19:00:00,Tombense,CSA,2,1,47%,53%,16,8,7,2,5,4,4,2,23,13,6,3,0,6,25,30,1,5,13,16,0,2,0,0,364,397,285,332,15,13,110,111,69,67,https://www.flashscore.com.br/jogo/pO6vZPYf/#/resumo-de-jogo/estatisticas-de-jogo/0
91,2022-06-12 16:00:00,Vasco,Cruzeiro,1,0,38%,62%,8,14,2,2,6,7,0,5,20,16,3,4,3,3,24,23,2,1,13,17,1,2,0,0,251,405,167,321,25,17,84,126,48,76,https://www.flashscore.com.br/jogo/ldDVzn4r/#/resumo-de-jogo/estatisticas-de-jogo/0
92,2022-06-12 11:00:00,Novorizontino,Guarani,1,2,60%,40%,22,8,7,5,10,2,5,1,12,12,12,3,2,2,25,21,3,6,10,10,0,0,0,0,506,342,408,240,16,23,132,113,105,57,https://www.flashscore.com.br/jogo/IDMat8tL/#/resumo-de-jogo/estatisticas-de-jogo/0
93,2022-06-11 18:30:00,Operário,Bahia,0,1,52%,48%,14,14,3,4,4,7,7,3,20,8,6,1,0,3,27,26,3,3,8,17,1,2,0,0,391,370,299,288,20,11,102,99,69,66,https://www.flashscore.com.br/jogo/WGQ3uSeR/#/resumo-de-jogo/estatisticas-de-jogo/0
94,2022-06-11 16:30:00,CRB,Vila Nova,1,0,58%,42%,11,15,5,6,4,6,2,3,15,10,7,9,0,2,24,19,6,4,10,12,2,1,0,0,551,381,460,300,9,15,87,62,60,45,https://www.flashscore.com.br/jogo/rsV9JpZ7/#/resumo-de-jogo/estatisticas-de-jogo/0
95,2022-06-11 16:30:00,Ponte Preta,Londrina,1,2,68%,32%,10,14,2,6,3,2,5,6,15,17,8,3,1,1,31,23,4,1,16,14,5,2,2,1,462,212,401,139,20,30,135,96,113,51,https://www.flashscore.com.br/jogo/4jW5KQJ1/#/resumo-de-jogo/estatisticas-de-jogo/0
96,2022-06-11 11:00:00,Brusque,Ituano,0,1,75%,25%,11,13,4,2,5,10,2,1,48,24,6,3,3,2,20,17,1,4,14,31,4,5,1,0,538,179,471,108,12,8,139,79,81,57,https://www.flashscore.com.br/jogo/zkXfslRE/#/resumo-de-jogo/estatisticas-de-jogo/0
97,2022-06-10 21:30:00,Chapecoense,Criciúma,2,3,53%,47%,12,14,2,5,9,4,1,5,13,19,3,8,4,1,30,17,2,0,15,12,3,1,0,0,386,339,300,259,14,16,128,123,69,65,https://www.flashscore.com.br/jogo/OE5rYql1/#/resumo-de-jogo/estatisticas-de-jogo/0
98,2022-06-08 21:30:00,Bahia,Sport,1,0,51%,49%,13,14,4,3,5,8,4,3,13,15,4,4,0,1,23,10,3,3,17,12,4,3,0,1,413,394,331,320,15,19,120,92,76,48,https://www.flashscore.com.br/jogo/E1wgNSZr/#/resumo-de-jogo/estatisticas-de-jogo/0
99,2022-06-08 19:00:00,Cruzeiro,CRB,2,0,56%,44%,24,9,6,0,11,5,7,4,17,11,8,2,1,4,17,23,0,4,10,14,1,3,0,1,464,367,382,282,14,16,106,76,80,37,https://www.flashscore.com.br/jogo/8OxcMnkk/#/resumo-de-jogo/estatisticas-de-jogo/0
100,2022-06-07 21:30:00,CSA,Chapecoense,1,1,48%,52%,7,9,2,3,2,3,3,3,17,17,2,4,1,1,17,31,2,1,16,16,4,2,0,0,399,411,330,335,17,22,103,135,64,84,https://www.flashscore.com.br/jogo/8OGR67k2/#/resumo-de-jogo/estatisticas-de-jogo/0
101,2022-06-07 21:30:00,Grêmio,Novorizontino,2,0,46%,54%,17,2,6,1,4,0,7,1,14,26,4,6,1,0,26,26,1,4,26,15,4,5,0,0,415,507,323,413,17,19,120,123,77,55,https://www.flashscore.com.br/jogo/ChiRR8RR/#/resumo-de-jogo/estatisticas-de-jogo/0
102,2022-06-07 20:30:00,Criciúma,Sampaio Corrêa,3,1,50%,50%,13,12,4,4,7,3,2,5,15,18,4,8,3,1,17,27,3,2,15,14,2,2,0,0,425,414,345,311,15,17,117,115,50,54,https://www.flashscore.com.br/jogo/M3bEUAs9/#/resumo-de-jogo/estatisticas-de-jogo/0
103,2022-06-07 20:30:00,Ituano,Ponte Preta,1,2,51%,49%,15,12,4,5,8,5,3,2,14,22,10,1,4,1,39,19,3,3,19,12,0,3,0,0,317,342,240,268,21,21,122,96,93,40,https://www.flashscore.com.br/jogo/GQcITUdF/#/resumo-de-jogo/estatisticas-de-jogo/0
104,2022-06-07 19:00:00,Londrina,Tombense,1,1,54%,46%,13,11,5,3,6,7,2,1,14,9,8,3,3,5,30,20,2,4,6,10,5,2,1,0,406,372,312,281,22,14,118,85,68,36,https://www.flashscore.com.br/jogo/fHdMSlCL/#/resumo-de-jogo/estatisticas-de-jogo/0
105,2022-06-07 19:00:00,Náutico,Vasco,2,3,48%,52%,18,5,5,5,7,0,6,0,14,13,9,4,1,5,28,21,2,3,11,10,4,3,0,0,356,401,281,315,15,29,96,79,74,48,https://www.flashscore.com.br/jogo/ATfAVjS2/#/resumo-de-jogo/estatisticas-de-jogo/0
106,2022-06-07 19:00:00,Vila Nova,Brusque,0,2,56%,44%,16,8,0,4,11,1,5,3,18,17,12,3,1,2,32,23,2,0,15,15,4,3,0,0,443,374,349,272,11,19,136,111,90,56,https://www.flashscore.com.br/jogo/MRt1L64e/#/resumo-de-jogo/estatisticas-de-jogo/0
107,2022-06-04 19:00:00,Brusque,Náutico,1,2,57%,43%,13,10,3,3,5,5,5,2,25,21,3,6,1,1,28,23,1,2,13,18,1,1,0,0,447,332,339,235,18,13,69,73,41,49,https://www.flashscore.com.br/jogo/lbIwIXc3/#/resumo-de-jogo/estatisticas-de-jogo/0
108,2022-06-04 19:00:00,Tombense,Ituano,2,1,64%,36%,14,7,3,2,5,2,6,3,29,30,3,2,1,2,19,24,1,1,20,18,0,3,0,0,556,319,486,236,12,16,145,140,86,62,https://www.flashscore.com.br/jogo/M7EF995q/#/resumo-de-jogo/estatisticas-de-jogo/0
109,2022-06-04 16:30:00,Bahia,Criciúma,2,1,42%,58%,9,16,2,7,6,8,1,1,13,23,1,9,1,3,22,23,6,0,22,10,5,3,1,0,336,452,256,381,29,13,88,102,54,56,https://www.flashscore.com.br/jogo/GQymEkcS/#/resumo-de-jogo/estatisticas-de-jogo/0
110,2022-06-04 16:30:00,Novorizontino,Sampaio Corrêa,0,0,65%,35%,14,10,2,4,8,5,4,1,16,13,7,0,2,0,27,19,4,2,11,16,3,2,0,0,492,271,411,185,18,23,107,105,66,47,https://www.flashscore.com.br/jogo/U9ZzHiD9/#/resumo-de-jogo/estatisticas-de-jogo/0
111,2022-06-03 21:30:00,Operário,Cruzeiro,1,2,46%,54%,18,9,5,7,9,1,4,1,21,10,3,4,0,4,37,33,5,4,10,17,1,3,0,0,334,386,234,278,18,16,132,96,60,42,https://www.flashscore.com.br/jogo/80YvGBSF/#/resumo-de-jogo/estatisticas-de-jogo/0
112,2022-06-02 21:30:00,Guarani,Vila Nova,1,1,37%,63%,13,6,3,3,5,1,5,2,27,22,2,3,0,1,27,20,2,2,23,26,3,3,0,0,279,465,194,381,17,13,114,82,65,48,https://www.flashscore.com.br/jogo/r1RmeAjj/#/resumo-de-jogo/estatisticas-de-jogo/0
113,2022-06-02 21:30:00,Sport,Ponte Preta,2,1,54%,46%,16,13,4,2,7,6,5,5,15,15,4,5,6,0,21,27,1,2,17,17,6,4,0,0,445,363,349,277,22,19,133,120,84,67,https://www.flashscore.com.br/jogo/A7JZIDrc/#/resumo-de-jogo/estatisticas-de-jogo/0
114,2022-06-02 20:00:00,Vasco,Grêmio,0,0,56%,44%,16,9,3,3,6,2,7,4,15,15,5,6,3,0,29,27,3,3,15,14,5,3,0,0,445,348,340,237,20,13,133,120,81,57,https://www.flashscore.com.br/jogo/2NXrFVsM/#/resumo-de-jogo/estatisticas-de-jogo/0
115,2022-05-29 16:00:00,Vila Nova,Grêmio,0,0,55%,45%,15,10,4,4,7,4,4,2,13,18,4,4,1,0,19,26,4,4,17,13,1,2,0,0,399,322,331,229,12,15,103,98,68,58,https://www.flashscore.com.br/jogo/0xxqdjyp/#/resumo-de-jogo/estatisticas-de-jogo/0
116,2022-05-28 19:00:00,Sampaio Corrêa,Guarani,2,1,32%,68%,18,18,4,5,10,9,4,4,8,14,9,10,2,0,10,21,4,2,13,9,2,0,0,0,194,429,125,359,16,22,63,86,28,40,https://www.flashscore.com.br/jogo/UgoD1CDM/#/resumo-de-jogo/estatisticas-de-jogo/0
117,2022-05-28 16:30:00,CSA,Novorizontino,2,1,44%,56%,9,11,2,3,3,8,4,0,13,22,7,3,0,1,15,21,2,0,23,13,5,1,0,0,333,424,268,352,8,12,90,79,57,43,https://www.flashscore.com.br/jogo/0OdAsiMj/#/resumo-de-jogo/estatisticas-de-jogo/0
118,2022-05-27 21:30:00,Criciúma,Cruzeiro,0,1,31%,69%,6,22,4,4,1,11,1,7,20,9,1,8,1,3,22,30,3,4,10,17,2,3,1,0,233,502,137,406,10,9,81,116,35,88,https://www.flashscore.com.br/jogo/GWvc5fEc/#/resumo-de-jogo/estatisticas-de-jogo/0
119,2022-05-27 19:00:00,Tombense,Bahia,1,0,48%,52%,15,14,6,3,6,8,3,3,39,21,3,7,2,3,15,34,3,5,15,25,3,3,0,0,388,410,312,322,11,13,99,95,49,64,https://www.flashscore.com.br/jogo/bTkH0WSS/#/resumo-de-jogo/estatisticas-de-jogo/0
120,2022-05-26 21:30:00,Ituano,Náutico,0,0,53%,47%,11,14,4,4,4,6,3,4,31,22,6,5,1,1,27,29,4,4,16,19,5,3,0,0,418,358,330,261,12,18,72,72,59,50,https://www.flashscore.com.br/jogo/Agv14ET3/#/resumo-de-jogo/estatisticas-de-jogo/0
121,2022-05-26 19:00:00,Vasco,Brusque,2,0,46%,54%,14,18,6,5,6,8,2,5,26,12,4,3,0,0,16,29,5,4,8,14,1,4,0,0,382,428,297,358,18,14,100,120,63,73,https://www.flashscore.com.br/jogo/j3n92hbG/#/resumo-de-jogo/estatisticas-de-jogo/0
122,2022-05-25 19:00:00,Londrina,Operário,2,1,42%,58%,23,13,9,3,10,4,4,6,19,19,4,5,2,1,30,31,2,7,9,12,1,4,0,0,300,422,215,309,20,20,133,121,74,82,https://www.flashscore.com.br/jogo/8vc43YrA/#/resumo-de-jogo/estatisticas-de-jogo/0
123,2022-05-24 21:30:00,Ponte Preta,Chapecoense,0,0,62%,38%,8,12,2,2,5,4,1,6,17,22,7,4,1,2,20,19,2,2,21,13,5,1,0,0,449,267,363,185,23,32,124,106,66,71,https://www.flashscore.com.br/jogo/MXc6rX6p/#/resumo-de-jogo/estatisticas-de-jogo/0
124,2022-05-22 11:00:00,Cruzeiro,Sampaio Corrêa,2,0,71%,29%,22,6,8,1,8,3,6,2,6,21,8,2,7,0,27,14,1,6,14,6,1,0,0,1,538,218,467,130,16,14,151,87,118,48,https://www.flashscore.com.br/jogo/GYVY0uNB/#/resumo-de-jogo/estatisticas-de-jogo/0
125,2022-05-21 11:00:00,Operário,Ituano,3,2,71%,29%,19,16,8,5,7,7,4,4,17,12,7,9,2,2,21,16,3,5,10,16,4,4,1,1,505,196,429,123,8,14,153,84,99,62,https://www.flashscore.com.br/jogo/ngrM3swg/#/resumo-de-jogo/estatisticas-de-jogo/0
126,2022-05-20 21:30:00,Bahia,Ponte Preta,2,1,35%,65%,11,19,4,7,6,5,1,7,11,23,5,7,1,3,32,27,6,2,23,7,2,2,0,0,221,414,137,333,25,11,124,146,69,94,https://www.flashscore.com.br/jogo/Y9tU1L75/#/resumo-de-jogo/estatisticas-de-jogo/0
127,2022-05-20 19:00:00,Brusque,Tombense,1,0,60%,40%,17,9,6,2,6,6,5,1,14,22,5,3,4,1,26,19,2,5,19,12,3,1,0,0,485,332,404,262,21,6,140,94,84,52,https://www.flashscore.com.br/jogo/QwfD538t/#/resumo-de-jogo/estatisticas-de-jogo/0
128,2022-05-19 21:30:00,Guarani,Vasco,0,0,42%,58%,18,15,4,5,11,5,3,5,14,21,3,6,1,0,18,23,5,4,21,13,4,5,0,0,271,365,197,276,28,13,75,96,40,73,https://www.flashscore.com.br/jogo/dOFant8I/#/resumo-de-jogo/estatisticas-de-jogo/0
129,2022-05-19 21:30:00,Náutico,CSA,1,1,50%,50%,18,17,6,9,4,5,8,3,24,15,12,7,1,2,24,25,8,5,14,22,2,4,0,0,305,325,224,242,11,16,115,108,94,72,https://www.flashscore.com.br/jogo/lI2oAq0P/#/resumo-de-jogo/estatisticas-de-jogo/0
130,2022-05-19 19:00:00,Grêmio,Criciúma,0,0,60%,40%,21,12,7,1,5,9,9,2,17,16,9,3,2,2,20,14,1,7,15,15,1,4,0,0,536,352,442,275,26,14,128,102,86,55,https://www.flashscore.com.br/jogo/fJsQ21ha/#/resumo-de-jogo/estatisticas-de-jogo/0
131,2022-05-19 19:00:00,Vila Nova,Chapecoense,0,0,55%,45%,20,8,7,4,8,4,5,0,19,18,5,6,1,2,22,18,4,7,17,17,2,5,0,0,467,366,384,283,13,23,99,104,65,64,https://www.flashscore.com.br/jogo/Uyzw0axI/#/resumo-de-jogo/estatisticas-de-jogo/0
132,2022-05-18 21:30:00,CRB,Londrina,1,0,46%,54%,10,13,4,4,2,5,4,4,16,28,2,4,1,0,16,14,4,3,29,16,2,1,0,0,422,512,340,430,11,8,103,107,58,49,https://www.flashscore.com.br/jogo/zFE3o0NO/#/resumo-de-jogo/estatisticas-de-jogo/0
133,2022-05-16 20:00:00,Ituano,Grêmio,1,1,47%,53%,18,8,4,2,11,4,3,2,8,20,7,4,2,0,25,25,1,3,18,8,5,1,0,0,375,444,296,348,13,15,129,111,77,57,https://www.flashscore.com.br/jogo/YqVZipvs/#/resumo-de-jogo/estatisticas-de-jogo/0
134,2022-05-15 16:00:00,Náutico,Cruzeiro,0,1,46%,54%,16,13,4,2,8,4,4,7,17,16,6,6,1,1,33,17,1,4,15,16,2,3,0,0,336,394,247,300,13,30,129,130,82,78,https://www.flashscore.com.br/jogo/21v4c6GJ/#/resumo-de-jogo/estatisticas-de-jogo/0
135,2022-05-15 16:00:00,Vasco,Bahia,1,0,41%,59%,8,21,1,4,5,9,2,8,15,14,7,7,1,1,28,33,4,0,13,14,4,3,0,0,225,327,151,253,17,15,93,114,71,80,https://www.flashscore.com.br/jogo/faJrjO8g/#/resumo-de-jogo/estatisticas-de-jogo/0
136,2022-05-14 20:30:00,CSA,Operário,0,0,67%,33%,22,5,4,1,11,4,7,0,9,21,9,2,3,1,23,17,1,4,19,8,3,3,0,1,503,254,448,178,8,16,136,81,110,51,https://www.flashscore.com.br/jogo/0d0LYMwJ/#/resumo-de-jogo/estatisticas-de-jogo/0
138,2022-05-14 16:00:00,Tombense,Guarani,1,1,49%,51%,11,16,4,7,7,8,0,1,18,19,6,7,1,2,22,15,6,3,19,17,1,3,0,0,381,404,313,327,9,18,95,85,51,53,https://www.flashscore.com.br/jogo/0dMjl2w6/#/resumo-de-jogo/estatisticas-de-jogo/0
139,2022-05-14 11:00:00,Criciúma,CRB,3,0,38%,62%,17,9,9,5,5,4,3,0,11,17,2,2,3,3,23,31,5,6,14,8,3,2,0,0,348,588,277,488,13,8,123,130,75,74,https://www.flashscore.com.br/jogo/thw8dQVP/#/resumo-de-jogo/estatisticas-de-jogo/0
140,2022-05-14 11:00:00,Londrina,Brusque,2,1,38%,62%,14,15,5,5,4,5,5,5,18,12,2,3,0,4,18,26,4,3,13,14,2,2,0,0,334,529,266,466,15,18,82,119,51,66,https://www.flashscore.com.br/jogo/CzUwi4gm/#/resumo-de-jogo/estatisticas-de-jogo/0
141,2022-05-13 21:30:00,Chapecoense,Sport,0,1,55%,45%,19,9,2,2,11,4,6,3,24,22,5,6,1,0,30,18,1,2,14,16,0,1,0,0,448,378,371,281,22,17,120,84,97,45,https://www.flashscore.com.br/jogo/vmLfmMhC/#/resumo-de-jogo/estatisticas-de-jogo/0
142,2022-05-09 20:00:00,CRB,Sampaio Corrêa,2,1,39%,61%,7,18,3,5,3,5,1,8,12,27,4,7,3,0,15,21,4,1,25,12,3,0,0,0,326,514,244,431,8,9,116,145,69,97,https://www.flashscore.com.br/jogo/SEfnMqfD/#/resumo-de-jogo/estatisticas-de-jogo/0
143,2022-05-08 16:00:00,Cruzeiro,Grêmio,1,0,56%,44%,11,10,1,3,5,3,5,4,12,23,3,4,2,0,15,20,3,0,21,11,2,2,0,0,429,342,338,251,26,19,122,109,76,69,https://www.flashscore.com.br/jogo/Eub9yPg0/#/resumo-de-jogo/estatisticas-de-jogo/0
144,2022-05-08 16:00:00,Guarani,Ponte Preta,0,0,52%,48%,9,9,4,0,3,5,2,4,22,24,8,3,3,1,27,28,0,4,22,20,6,4,0,0,320,305,203,188,14,11,149,142,85,77,https://www.flashscore.com.br/jogo/lOerNPv7/#/resumo-de-jogo/estatisticas-de-jogo/0
145,2022-05-07 19:00:00,Novorizontino,Ituano,2,1,52%,48%,12,11,4,5,5,3,3,3,17,14,2,6,3,1,26,35,4,2,7,11,0,2,0,0,447,414,356,311,21,12,120,141,63,75,https://www.flashscore.com.br/jogo/xpxwq71Q/#/resumo-de-jogo/estatisticas-de-jogo/0
146,2022-05-07 19:00:00,Vasco,CSA,1,0,48%,52%,14,11,6,3,4,5,4,3,26,21,4,5,0,0,28,19,3,5,15,20,3,1,1,0,366,404,272,318,22,16,109,99,63,56,https://www.flashscore.com.br/jogo/8SS8woPm/#/resumo-de-jogo/estatisticas-de-jogo/0
147,2022-05-07 16:30:00,Operário,Criciúma,2,0,44%,56%,8,20,3,6,3,13,2,1,16,17,3,6,3,2,23,32,6,1,13,14,3,1,0,0,322,409,228,317,23,13,108,135,56,87,https://www.flashscore.com.br/jogo/E5T4vR9s/#/resumo-de-jogo/estatisticas-de-jogo/0
148,2022-05-06 21:30:00,Sport,Tombense,2,0,65%,35%,21,10,3,3,14,6,4,1,9,21,9,1,0,0,21,17,3,1,14,6,1,2,0,0,518,291,458,229,14,20,127,92,77,38,https://www.flashscore.com.br/jogo/GUmUpTWD/#/resumo-de-jogo/estatisticas-de-jogo/0
149,2022-05-06 19:00:00,Vila Nova,Náutico,2,0,34%,66%,13,14,4,6,7,7,2,1,22,24,6,0,5,1,18,32,6,2,13,14,2,5,0,0,200,425,129,357,28,12,94,121,47,63,https://www.flashscore.com.br/jogo/hWdDzq96/#/resumo-de-jogo/estatisticas-de-jogo/0
150,2022-05-04 21:00:00,CSA,Criciúma,1,1,54%,46%,15,21,6,3,8,12,1,6,8,20,7,5,7,0,32,13,2,5,13,8,0,4,0,0,395,338,322,261,15,13,103,102,69,72,https://www.flashscore.com.br/jogo/IaT0iDXO/#/resumo-de-jogo/estatisticas-de-jogo/0
151,2022-05-01 18:00:00,Tombense,Vasco,1,1,39%,61%,7,10,3,1,3,9,1,0,17,16,3,6,3,1,19,28,0,2,13,17,3,2,0,0,260,404,170,326,23,17,77,92,34,58,https://www.flashscore.com.br/jogo/fP2ZOoAf/#/resumo-de-jogo/estatisticas-de-jogo/0
152,2022-05-01 11:00:00,Criciúma,Novorizontino,1,1,45%,55%,14,9,4,2,6,3,4,4,20,15,6,2,0,3,31,25,1,3,15,17,4,4,1,0,375,457,299,378,20,24,157,100,95,58,https://www.flashscore.com.br/jogo/84OjX92E/#/resumo-de-jogo/estatisticas-de-jogo/0
153,2022-04-30 20:30:00,Ponte Preta,Brusque,2,0,44%,56%,15,13,8,2,5,5,2,6,15,11,7,6,0,4,21,22,2,6,11,11,2,1,0,0,335,423,264,329,20,15,132,155,68,92,https://www.flashscore.com.br/jogo/E5s0Ane1/#/resumo-de-jogo/estatisticas-de-jogo/0
154,2022-04-30 19:00:00,Chapecoense,Cruzeiro,0,2,40%,60%,5,26,2,5,0,12,3,9,10,8,7,8,0,1,28,35,3,2,8,9,3,1,0,0,308,472,221,389,20,20,94,129,55,80,https://www.flashscore.com.br/jogo/6a6wO5P0/#/resumo-de-jogo/estatisticas-de-jogo/0
155,2022-04-30 16:30:00,Grêmio,CRB,2,0,50%,50%,17,10,2,1,8,6,7,3,12,17,4,3,2,1,22,21,1,1,17,14,0,2,1,0,456,470,382,389,14,15,96,103,78,63,https://www.flashscore.com.br/jogo/MB4RQ7ur/#/resumo-de-jogo/estatisticas-de-jogo/0
156,2022-04-30 16:30:00,Sampaio Corrêa,Operário,1,1,52%,48%,14,11,5,7,5,4,4,0,20,17,5,5,4,0,25,26,6,4,14,20,3,3,0,0,376,357,285,276,14,17,100,88,71,57,https://www.flashscore.com.br/jogo/023VPRfl/#/resumo-de-jogo/estatisticas-de-jogo/0
157,2022-04-30 16:00:00,CSA,Sport,1,0,49%,51%,21,5,9,1,8,4,4,0,10,15,12,0,0,0,19,15,1,8,15,11,3,2,0,0,367,408,305,340,14,16,86,83,83,33,https://www.flashscore.com.br/jogo/hdt496A7/#/resumo-de-jogo/estatisticas-de-jogo/0
158,2022-04-29 21:30:00,Ituano,Bahia,1,0,35%,65%,7,17,3,6,3,5,1,6,15,27,1,9,1,1,23,25,6,2,18,10,5,3,0,0,264,482,176,397,18,10,124,173,63,126,https://www.flashscore.com.br/jogo/2RNfWTHK/#/resumo-de-jogo/estatisticas-de-jogo/0
159,2022-04-27 21:30:00,Vasco,Ponte Preta,1,0,39%,61%,14,10,3,2,7,5,4,3,19,15,6,6,2,2,27,38,2,2,12,17,3,3,0,0,205,327,125,255,28,12,68,88,35,43,https://www.flashscore.com.br/jogo/YmRJUGtG/#/resumo-de-jogo/estatisticas-de-jogo/0
160,2022-04-27 21:00:00,Guarani,Criciúma,1,0,40%,60%,12,19,6,7,3,5,3,7,17,27,7,9,5,1,18,22,7,5,22,17,5,6,0,0,245,369,181,286,10,9,117,132,59,81,https://www.flashscore.com.br/jogo/hKSHAekp/#/resumo-de-jogo/estatisticas-de-jogo/0
161,2022-04-27 19:00:00,CRB,Náutico,1,2,69%,31%,14,14,3,5,8,5,3,4,20,19,6,2,3,2,21,18,3,2,17,18,3,4,0,0,484,224,407,151,12,8,126,100,72,58,https://www.flashscore.com.br/jogo/j5oL9F4j/#/resumo-de-jogo/estatisticas-de-jogo/0
162,2022-04-27 19:00:00,Operário,Grêmio,0,1,59%,41%,14,12,1,3,5,7,8,2,16,14,8,4,1,3,30,21,2,1,13,13,2,0,0,0,438,307,342,226,16,23,115,99,68,63,https://www.flashscore.com.br/jogo/vRRFVdR9/#/resumo-de-jogo/estatisticas-de-jogo/0
163,2022-04-26 21:30:00,Bahia,Sampaio Corrêa,1,0,48%,52%,22,10,5,3,14,4,3,3,17,21,4,3,0,1,20,23,3,4,22,17,2,0,0,0,377,399,301,312,14,17,109,119,51,53,https://www.flashscore.com.br/jogo/pQgmDlBr/#/resumo-de-jogo/estatisticas-de-jogo/0
164,2022-04-26 21:30:00,Cruzeiro,Londrina,1,0,63%,37%,15,9,5,1,5,8,5,0,9,9,10,3,3,1,20,27,1,4,10,9,4,1,0,0,516,296,433,204,19,19,176,112,120,53,https://www.flashscore.com.br/jogo/SlqhC8Ql/#/resumo-de-jogo/estatisticas-de-jogo/0
165,2022-04-26 20:30:00,Brusque,CSA,2,0,49%,51%,17,7,6,2,5,2,6,3,21,14,6,5,5,3,20,15,2,4,10,18,4,3,0,0,377,383,315,324,11,11,106,100,55,47,https://www.flashscore.com.br/jogo/raY6XIdc/#/resumo-de-jogo/estatisticas-de-jogo/0
166,2022-04-26 20:30:00,Vila Nova,Tombense,1,1,51%,49%,10,10,5,4,2,2,3,4,20,18,3,1,1,0,24,38,3,4,19,21,3,3,0,0,361,335,298,278,21,13,125,105,64,59,https://www.flashscore.com.br/jogo/6urdBSue/#/resumo-de-jogo/estatisticas-de-jogo/0
167,2022-04-26 19:00:00,Novorizontino,Chapecoense,0,3,51%,49%,11,11,3,6,8,5,0,0,19,9,3,6,0,1,30,18,3,3,7,18,1,1,1,0,450,441,379,378,16,24,131,109,65,58,https://www.flashscore.com.br/jogo/0zTBWxC3/#/resumo-de-jogo/estatisticas-de-jogo/0
168,2022-04-24 16:00:00,Náutico,Operário,2,0,49%,51%,17,15,7,4,6,5,4,6,14,21,7,4,3,1,27,17,4,5,17,13,1,2,0,0,331,361,248,266,15,11,109,105,62,47,https://www.flashscore.com.br/jogo/WtdMLLco/#/resumo-de-jogo/estatisticas-de-jogo/0
169,2022-04-23 19:00:00,Ituano,Vila Nova,3,1,45%,55%,14,9,5,3,4,3,5,3,6,23,3,9,0,2,32,23,2,2,23,5,4,0,0,1,352,436,272,353,16,7,147,161,87,85,https://www.flashscore.com.br/jogo/4ffUJaSc/#/resumo-de-jogo/estatisticas-de-jogo/0
170,2022-04-23 19:00:00,Tombense,Cruzeiro,1,1,28%,72%,9,18,1,5,7,10,1,3,13,7,2,6,1,1,26,25,4,0,7,13,1,1,0,0,208,534,136,456,13,20,69,123,25,79,https://www.flashscore.com.br/jogo/8nioGHRM/#/resumo-de-jogo/estatisticas-de-jogo/0
171,2022-04-23 18:30:00,Sampaio Corrêa,Brusque,3,1,41%,59%,19,20,3,7,6,8,10,5,11,14,6,7,0,1,24,20,6,0,13,10,2,1,0,0,280,393,201,310,18,25,127,129,66,71,https://www.flashscore.com.br/jogo/vDnsHcCG/#/resumo-de-jogo/estatisticas-de-jogo/0
172,2022-04-23 16:00:00,Ponte Preta,CRB,1,0,44%,56%,16,7,5,2,7,4,4,1,21,30,9,2,1,2,21,26,2,4,29,19,4,2,0,0,265,355,187,268,19,10,134,129,88,67,https://www.flashscore.com.br/jogo/SCHLH9oU/#/resumo-de-jogo/estatisticas-de-jogo/0
173,2022-04-23 11:00:00,Criciúma,Sport,1,1,46%,54%,17,14,5,6,7,3,5,5,14,13,6,10,2,2,21,27,5,4,12,13,1,1,0,0,372,442,276,344,13,21,143,137,71,77,https://www.flashscore.com.br/jogo/AXfQKuDi/#/resumo-de-jogo/estatisticas-de-jogo/0
174,2022-04-22 21:30:00,Chapecoense,Vasco,0,0,54%,46%,23,9,5,1,11,6,7,2,21,18,7,1,2,0,30,35,1,5,16,22,0,1,0,0,316,290,217,152,15,16,122,104,73,45,https://www.flashscore.com.br/jogo/nwjkFysT/#/resumo-de-jogo/estatisticas-de-jogo/0
175,2022-04-22 19:00:00,CSA,Bahia,1,1,55%,45%,20,16,4,5,9,5,7,6,11,6,6,7,2,1,23,15,4,3,4,12,2,3,0,1,377,320,325,254,14,18,114,96,80,67,https://www.flashscore.com.br/jogo/UL3mDTgo/#/resumo-de-jogo/estatisticas-de-jogo/0
176,2022-04-21 19:00:00,Londrina,Novorizontino,1,1,57%,43%,17,10,5,2,7,5,5,3,23,16,5,1,0,1,24,17,1,4,16,22,2,1,0,0,478,382,393,307,10,11,117,101,67,44,https://www.flashscore.com.br/jogo/IcbYIJs4/#/resumo-de-jogo/estatisticas-de-jogo/0
177,2022-04-16 19:00:00,CRB,Vasco,1,1,45%,55%,12,14,2,6,9,6,1,2,9,19,2,5,2,0,20,32,5,1,16,9,2,2,0,0,341,402,272,329,9,11,112,149,69,86,https://www.flashscore.com.br/jogo/Knhr4jHU/#/resumo-de-jogo/estatisticas-de-jogo/0
178,2022-04-16 18:30:00,Guarani,Sport,0,0,56%,44%,15,7,6,1,6,4,3,2,18,19,7,2,1,5,20,17,1,6,18,14,3,2,0,0,439,355,357,279,11,15,96,90,61,36,https://www.flashscore.com.br/jogo/tdgv5W1O/#/resumo-de-jogo/estatisticas-de-jogo/0
179,2022-04-16 16:30:00,Sampaio Corrêa,Tombense,1,1,62%,38%,14,11,3,1,9,10,2,0,14,13,3,2,1,0,28,18,0,2,12,14,3,2,0,0,502,303,414,220,15,17,153,116,88,58,https://www.flashscore.com.br/jogo/xOO8KB1B/#/resumo-de-jogo/estatisticas-de-jogo/0
180,2022-04-16 16:00:00,Ituano,CSA,0,0,41%,59%,17,7,6,0,7,4,4,3,17,20,7,4,1,3,26,21,0,6,18,14,2,4,0,0,297,441,215,370,17,5,85,116,59,64,https://www.flashscore.com.br/jogo/j7MdNDHh/#/resumo-de-jogo/estatisticas-de-jogo/0
181,2022-04-16 11:00:00,Operário,Ponte Preta,2,0,49%,51%,18,10,3,2,9,4,6,4,11,19,5,4,1,4,39,33,2,1,22,9,1,1,0,1,313,321,224,235,22,18,127,134,76,84,https://www.flashscore.com.br/jogo/UcL0MXWb/#/resumo-de-jogo/estatisticas-de-jogo/0
182,2022-04-15 21:30:00,Náutico,Bahia,0,1,76%,24%,18,5,4,2,9,3,5,0,20,16,11,1,0,4,39,17,1,4,16,16,3,4,1,1,465,155,388,87,5,18,148,77,134,42,https://www.flashscore.com.br/jogo/d8TmPZnt/#/resumo-de-jogo/estatisticas-de-jogo/0
183,2022-04-15 19:00:00,Grêmio,Chapecoense,0,1,61%,39%,20,8,5,1,11,6,4,1,17,11,8,1,0,0,31,14,0,5,11,17,0,3,0,0,547,347,439,257,11,18,138,110,107,41,https://www.flashscore.com.br/jogo/bXP4Lin5/#/resumo-de-jogo/estatisticas-de-jogo/0
184,2022-04-14 20:00:00,Criciúma,Londrina,1,0,42%,58%,10,14,2,4,6,6,2,4,17,20,0,13,2,2,25,23,4,1,18,15,0,3,0,0,336,456,264,366,15,14,103,120,41,77,https://www.flashscore.com.br/jogo/8rXiOg2n/#/resumo-de-jogo/estatisticas-de-jogo/0
185,2022-04-12 21:30:00,Cruzeiro,Brusque,1,0,60%,40%,13,10,5,3,5,6,3,1,11,21,8,4,5,0,19,29,3,4,16,11,2,1,0,0,516,334,439,247,19,17,118,101,77,54,https://www.flashscore.com.br/jogo/KnEDJVGH/#/resumo-de-jogo/estatisticas-de-jogo/0
186,2022-04-10 11:00:00,Londrina,Náutico,2,0,44%,56%,13,13,8,2,3,6,2,5,19,27,3,4,1,1,27,23,2,6,26,18,3,2,0,0,338,414,255,344,11,9,107,117,70,76,https://www.flashscore.com.br/jogo/fu7I9fmg/#/resumo-de-jogo/estatisticas-de-jogo/0
187,2022-04-09 21:00:00,Tombense,Operário,1,1,40%,60%,16,13,3,1,8,6,5,6,20,23,4,3,2,0,23,17,0,2,16,14,4,1,0,0,302,479,237,410,14,13,118,103,70,56,https://www.flashscore.com.br/jogo/pUaV6hXB/#/resumo-de-jogo/estatisticas-de-jogo/0
188,2022-04-09 18:30:00,Sport,Sampaio Corrêa,1,0,63%,37%,11,13,4,1,3,8,4,4,12,19,10,3,2,0,24,16,1,3,10,8,2,4,0,0,520,297,442,229,10,9,164,101,91,43,https://www.flashscore.com.br/jogo/K47qGdAP/#/resumo-de-jogo/estatisticas-de-jogo/0
189,2022-04-09 16:30:00,Ponte Preta,Grêmio,0,0,45%,55%,7,10,0,2,5,5,2,3,19,16,1,5,0,2,26,25,2,0,17,16,2,3,0,0,352,437,272,348,18,20,136,122,66,75,https://www.flashscore.com.br/jogo/4dPdhgII/#/resumo-de-jogo/estatisticas-de-jogo/0
190,2022-04-09 16:00:00,Chapecoense,Ituano,1,1,51%,49%,13,15,2,3,11,9,0,3,20,11,2,3,1,1,24,27,2,1,10,19,1,3,0,0,372,352,279,235,8,18,97,111,66,71,https://www.flashscore.com.br/jogo/OKbZ5CnI/#/resumo-de-jogo/estatisticas-de-jogo/0
191,2022-04-08 21:30:00,Bahia,Cruzeiro,2,0,38%,62%,14,11,3,1,7,7,4,3,13,23,1,6,0,2,9,23,1,1,25,11,1,2,0,1,281,434,206,363,17,7,102,142,61,89,https://www.flashscore.com.br/jogo/j70R7YH5/#/resumo-de-jogo/estatisticas-de-jogo/0
192,2022-04-08 19:00:00,Brusque,Guarani,1,0,44%,56%,13,13,3,6,4,1,6,6,17,20,3,4,1,2,16,21,6,2,19,15,3,5,0,0,331,411,250,339,9,16,110,119,68,69,https://www.flashscore.com.br/jogo/MDgBBGIt/#/resumo-de-jogo/estatisticas-de-jogo/0
193,2022-07-31 16:00:00,Vasco,Chapecoense,0,0,63%,37%,13,10,2,2,3,4,8,4,19,16,7,4,3,2,26,28,2,2,14,16,6,5,1,0,465,278,376,189,16,16,119,92,67,21,https://www.flashscore.com.br/jogo/Asr0usEH/#/resumo-de-jogo/estatisticas-de-jogo/0
194,2022-07-26 18:30:00,Chapecoense,Grêmio,0,0,60%,40%,15,5,1,1,8,1,6,3,5,8,7,4,3,0,21,27,1,1,5,5,0,2,0,1,466,321,381,247,15,11,106,80,55,35,https://www.flashscore.com.br/jogo/ARgxQ1EU/#/resumo-de-jogo/estatisticas-de-jogo/0
195,2022-07-22 21:30:00,Sampaio Corrêa,Sport,4,1,37%,63%,14,9,7,2,7,6,0,1,15,19,3,1,1,4,15,18,1,3,18,11,1,0,0,1,316,536,257,456,8,20,100,113,27,36,https://www.flashscore.com.br/jogo/tYMnFp0C/#/resumo-de-jogo/estatisticas-de-jogo/0
196,2022-07-18 20:00:00,Sport,Vila Nova,0,0,74%,26%,15,2,3,0,6,1,6,1,32,14,9,0,0,1,27,15,0,3,13,21,2,4,0,0,595,222,518,139,13,16,147,43,72,9,https://www.flashscore.com.br/jogo/baQYxISa/#/resumo-de-jogo/estatisticas-de-jogo/0
197,2022-07-14 18:30:00,Operário,Sport,0,0,44%,56%,9,21,2,4,4,12,3,5,16,24,2,8,2,2,23,22,4,2,17,10,3,1,0,0,384,468,298,384,11,16,104,131,30,52,https://www.flashscore.com.br/jogo/vuBh59Wm/#/resumo-de-jogo/estatisticas-de-jogo/0
198,2022-07-05 21:30:00,Operário,CRB,2,3,56%,44%,18,10,7,4,7,3,4,3,15,20,6,5,1,1,36,23,1,5,19,15,3,2,0,0,332,264,248,180,21,18,94,78,38,30,https://www.flashscore.com.br/jogo/hOnBhWnr/#/resumo-de-jogo/estatisticas-de-jogo/0
199,2022-07-05 19:00:00,Chapecoense,Londrina,0,3,62%,38%,9,15,1,4,7,7,1,4,31,28,4,6,1,0,26,23,1,1,19,17,4,2,0,0,401,248,323,171,15,10,106,81,38,32,https://www.flashscore.com.br/jogo/0bDJ8TKk/#/resumo-de-jogo/estatisticas-de-jogo/0
200,2022-07-05 19:00:00,Ituano,Cruzeiro,1,1,30%,70%,13,12,6,1,4,9,3,2,15,15,3,9,3,4,17,23,0,5,16,14,2,3,1,0,215,486,119,407,13,10,75,122,24,65,https://www.flashscore.com.br/jogo/v5xuZpjh/#/resumo-de-jogo/estatisticas-de-jogo/0
201,2022-07-01 19:00:00,Chapecoense,Sampaio Corrêa,3,1,45%,55%,17,15,5,2,7,8,5,5,9,21,7,2,1,0,30,20,1,2,19,9,2,2,0,0,331,408,247,330,18,13,109,121,43,30,https://www.flashscore.com.br/jogo/0GCjkctj/#/resumo-de-jogo/estatisticas-de-jogo/0
202,2022-06-27 20:00:00,Sampaio Corrêa,CSA,2,0,41%,59%,18,9,4,3,7,5,7,1,11,15,3,4,1,1,21,20,3,2,15,9,1,1,0,0,323,459,236,377,11,7,102,110,31,45,https://www.flashscore.com.br/jogo/fF7xrtZM/#/resumo-de-jogo/estatisticas-de-jogo/0
203,2022-06-21 19:00:00,Chapecoense,CRB,1,2,60%,40%,21,9,5,5,9,2,7,2,13,14,8,1,1,0,31,19,3,4,14,13,1,3,0,0,476,329,397,259,13,19,152,107,85,47,https://www.flashscore.com.br/jogo/0hn3TtKT/#/resumo-de-jogo/estatisticas-de-jogo/0
204,2022-06-14 19:00:00,Bahia,Chapecoense,0,1,71%,29%,25,8,4,1,16,5,5,2,13,18,7,1,1,4,40,9,0,4,18,9,3,4,1,1,453,191,378,117,14,16,144,72,104,25,https://www.flashscore.com.br/jogo/E1gHJ5j5/#/resumo-de-jogo/estatisticas-de-jogo/0
205,2022-06-10 19:00:00,Sampaio Corrêa,Náutico,2,0,44%,56%,20,10,7,2,10,7,3,1,20,25,3,4,3,1,19,23,2,5,21,20,3,2,0,1,316,403,255,334,19,17,110,116,80,65,https://www.flashscore.com.br/jogo/SnCZZ5Jl/#/resumo-de-jogo/estatisticas-de-jogo/0
206,2022-06-06 20:00:00,Guarani,Operário,0,3,57%,43%,21,10,5,4,10,5,6,1,13,17,7,1,2,0,17,19,1,5,15,15,2,2,1,0,423,336,358,257,12,15,121,75,82,31,https://www.flashscore.com.br/jogo/UXHN7mzd/#/resumo-de-jogo/estatisticas-de-jogo/0
207,2022-06-01 21:30:00,CRB,CSA,0,0,46%,54%,8,13,2,2,4,9,2,2,19,27,2,5,1,0,20,25,2,2,20,13,3,1,0,0,363,425,279,350,7,11,105,98,41,60,https://www.flashscore.com.br/jogo/d4VifU5d/#/resumo-de-jogo/estatisticas-de-jogo/0
208,2022-05-24 19:00:00,Sport,CRB,0,1,61%,39%,18,13,5,3,6,8,7,2,17,14,5,4,1,2,14,17,2,5,14,22,0,3,0,0,512,322,411,221,13,9,110,81,69,66,https://www.flashscore.com.br/jogo/xttg6zai/#/resumo-de-jogo/estatisticas-de-jogo/0
209,2022-05-17 21:30:00,Novorizontino,Sport,0,0,49%,51%,19,7,6,2,8,5,5,0,21,8,4,2,0,1,26,24,2,6,9,20,2,4,0,0,475,500,392,411,14,14,135,104,92,47,https://www.flashscore.com.br/jogo/82qI4NNn/#/resumo-de-jogo/estatisticas-de-jogo/0
210,2022-05-13 19:00:00,Ponte Preta,Novorizontino,0,1,58%,42%,9,12,2,6,3,4,4,2,19,29,5,4,2,0,32,28,5,2,26,14,4,4,0,0,449,321,356,226,15,34,137,105,77,59,https://www.flashscore.com.br/jogo/ngdHZ2OC/#/resumo-de-jogo/estatisticas-de-jogo/0
211,2022-05-05 21:30:00,Brusque,Chapecoense,0,0,58%,42%,12,14,2,5,5,6,5,3,23,8,4,4,0,0,30,28,5,2,7,16,1,2,0,0,532,352,432,234,22,22,121,82,66,57,https://www.flashscore.com.br/jogo/fLnYqmnK/#/resumo-de-jogo/estatisticas-de-jogo/0
212,2022-05-04 19:00:00,Novorizontino,CRB,3,1,53%,47%,19,10,5,2,4,4,10,4,11,21,14,2,1,1,14,21,1,2,20,10,3,5,0,0,445,399,357,327,17,5,105,92,84,52,https://www.flashscore.com.br/jogo/Gl8EAzYn/#/resumo-de-jogo/estatisticas-de-jogo/0
213,2022-05-03 21:30:00,Náutico,Guarani,1,1,62%,38%,27,12,9,6,8,6,10,0,18,14,10,1,1,0,21,17,5,8,13,19,3,3,1,0,446,284,369,211,14,18,140,106,86,57,https://www.flashscore.com.br/jogo/f1KnYkm8/#/resumo-de-jogo/estatisticas-de-jogo/0
214,2022-05-03 19:00:00,Bahia,Londrina,4,0,48%,52%,13,9,4,3,6,6,3,0,15,20,1,3,1,0,22,23,3,0,19,15,2,2,0,0,438,470,361,409,20,19,99,125,66,77,https://www.flashscore.com.br/jogo/nJRCx5vf/#/resumo-de-jogo/estatisticas-de-jogo/0
215,2022-04-29 19:00:00,Londrina,Vila Nova,2,2,37%,63%,16,15,5,7,5,6,6,2,32,28,10,6,0,4,15,24,5,3,19,16,5,4,1,0,223,384,146,319,11,24,103,107,70,62,https://www.flashscore.com.br/jogo/tIMbVmXQ/#/resumo-de-jogo/estatisticas-de-jogo/0
216,2022-04-26 19:00:00,Sport,Ituano,1,0,64%,36%,13,10,1,4,7,6,5,0,17,8,6,7,2,0,14,26,4,0,6,17,1,2,0,0,535,294,444,195,10,20,119,112,72,81,https://www.flashscore.com.br/jogo/48Z2Ybsi/#/resumo-de-jogo/estatisticas-de-jogo/0
217,2022-04-21 16:30:00,Grêmio,Guarani,3,1,39%,61%,16,14,8,7,5,5,3,2,21,16,5,4,0,1,16,21,6,5,16,21,3,4,0,0,311,483,244,405,12,13,96,113,65,66,https://www.flashscore.com.br/jogo/0MmwIwcA/#/resumo-de-jogo/estatisticas-de-jogo/0
218,2022-04-12 19:00:00,Vila Nova,Novorizontino,0,0,57%,43%,15,11,5,1,6,5,4,5,14,16,6,3,0,0,25,21,1,5,13,15,2,2,0,0,510,393,431,301,11,13,132,130,80,72,https://www.flashscore.com.br/jogo/YkIHIkWN/#/resumo-de-jogo/estatisticas-de-jogo/0
219,2022-04-08 19:00:00,Vasco,Vila Nova,1,1,60%,40%,12,16,4,5,3,6,5,5,14,12,8,5,0,0,34,18,4,3,13,16,2,2,0,0,465,311,390,249,8,15,165,103,82,49,https://www.flashscore.com.br/jogo/x4dN8E2a/#/resumo-de-jogo/estatisticas-de-jogo/0
220,2022-05-14 18:30:00,Sampaio Corrêa,Vila Nova,2,0,43%,57%,20,12,8,1,5,4,7,7,14,16,7,2,1,2,22,20,1,6,16,11,3,2,0,0,323,440,249,372,20,21,131,132,90,81,https://www.flashscore.com.br/jogo/6ZMnkrOa/#/resumo-de-jogo/estatisticas-de-jogo/0
