,clube_mandante,clube_visitante,placar_mandante,placar_visitante,posse_de_bola_mandante,posse_de_bola_visitante,tentativas_de_gol_mandante,tentativas_de_gol_visitante,finalizacoes_mandante,finalizacoes_visitante,chutes_fora_mandante,chutes_fora_visitante,chutes_bloqueados_mandante,chutes_bloqueados_visitante,faltas_cobradas_mandante,faltas_cobradas_visitante,escanteios_mandante,escanteios_visitante,impedimentos_mandante,impedimentos_visitante,laterais_cobrados_mandante,laterais_cobrados_visitante,defesas_de_goleiro_mandante,defesas_de_goleiro_visitante,faltas_mandante,faltas_visitante,cartoes_amarelos_mandante,cartoes_amarelos_visitante,cartoes_vermelhos_mandante,cartoes_vermelhos_visitante,total_de_passes_mandante,total_de_passes_visitante,passes_completados_mandante,passes_completados_visitante,desarmes_mandante,desarmes_visitante,ataques_mandante,ataques_visitante,ataques_perigosos_mandante,ataques_perigosos_visitante,urls
0,Botafogo,Athletico-PR,2,0,53%,47%,17,16,6,4,10,5,1,7,18,16,2,11,0,3,19,18,4,4,16,15,0,2,0,0,491,409,408,329,16,13,99,117,40,62,https://www.flashscore.com.br/jogo/WQPUEzvA/#/resumo-de-jogo/estatisticas-de-jogo/0
1,América-MG,Palmeiras,0,1,48%,52%,15,17,3,5,8,9,4,3,8,17,7,7,1,2,15,16,4,3,16,6,5,3,0,0,399,419,311,340,10,19,101,108,61,63,https://www.flashscore.com.br/jogo/fqVitGXp/#/resumo-de-jogo/estatisticas-de-jogo/0
2,Cuiabá,Atlético-MG,1,1,32%,68%,16,7,8,4,6,1,2,2,11,8,4,2,1,1,17,26,3,7,7,10,1,1,0,0,297,671,229,604,15,9,78,145,35,73,https://www.flashscore.com.br/jogo/pU73bFgT/#/resumo-de-jogo/estatisticas-de-jogo/0
3,Corinthians,Coritiba,3,1,61%,39%,19,8,6,4,4,4,9,0,15,16,9,2,1,1,19,15,3,3,16,15,1,3,0,0,585,370,523,305,9,8,128,75,61,34,https://www.flashscore.com.br/jogo/2oCr3wub/#/resumo-de-jogo/estatisticas-de-jogo/0
4,Santos,Botafogo,2,0,35%,65%,16,23,7,10,7,6,2,7,20,17,4,4,2,2,17,20,10,5,15,18,2,2,0,0,297,553,225,482,15,19,90,140,30,55,https://www.flashscore.com.br/jogo/txBn2cf4/#/resumo-de-jogo/estatisticas-de-jogo/0
5,Flamengo,Juventude,4,0,63%,37%,27,8,12,2,5,5,10,1,13,17,5,4,2,1,10,16,2,8,14,13,3,3,0,1,550,316,503,261,19,18,147,41,96,14,https://www.flashscore.com.br/jogo/dl9z5aAo/#/resumo-de-jogo/estatisticas-de-jogo/0
6,Internacional,São Paulo,3,3,34%,66%,15,8,7,4,7,4,1,0,13,14,4,3,3,4,14,23,1,4,11,10,4,5,0,0,292,584,242,519,13,10,78,125,23,41,https://www.flashscore.com.br/jogo/bD5i1H9A/#/resumo-de-jogo/estatisticas-de-jogo/0
7,Athletico-PR,Atlético-GO,4,1,42%,58%,15,15,9,5,4,9,2,1,9,17,3,2,2,1,14,25,4,5,15,8,3,0,0,0,383,528,310,449,17,7,113,116,44,21,https://www.flashscore.com.br/jogo/jBpWgZ1p/#/resumo-de-jogo/estatisticas-de-jogo/0
8,Goiás,Fluminense,2,3,27%,73%,15,17,5,10,7,4,3,3,10,21,2,3,2,0,17,24,7,3,19,9,2,0,0,0,208,603,155,545,26,14,65,130,58,75,https://www.flashscore.com.br/jogo/WQ3aaevN/#/resumo-de-jogo/estatisticas-de-jogo/0
9,Red Bull Bragantino,Fortaleza,2,1,55%,45%,14,10,7,3,5,4,2,3,19,15,4,9,1,1,35,24,2,5,14,18,4,3,0,0,404,320,317,224,16,17,119,80,41,32,https://www.flashscore.com.br/jogo/8OCv4JPi/#/resumo-de-jogo/estatisticas-de-jogo/0
10,Palmeiras,Cuiabá,1,0,61%,39%,16,6,8,1,5,3,3,2,13,19,11,4,3,1,20,23,1,7,17,12,3,1,0,0,494,314,419,232,16,16,118,80,55,39,https://www.flashscore.com.br/jogo/tECa3nZt/#/resumo-de-jogo/estatisticas-de-jogo/0
11,América-MG,Red Bull Bragantino,0,3,55%,45%,25,16,4,6,14,7,7,3,19,10,10,5,2,1,34,15,3,4,8,18,3,1,0,0,491,406,414,333,13,30,117,90,81,39,https://www.flashscore.com.br/jogo/bu6gpPYI/#/resumo-de-jogo/estatisticas-de-jogo/0
12,Atlético-GO,Fortaleza,0,1,62%,38%,15,9,3,5,9,2,3,2,9,8,5,6,1,0,27,18,4,3,7,9,1,0,0,0,555,334,484,263,16,9,132,84,72,27,https://www.flashscore.com.br/jogo/Ag4Ga4Y5/#/resumo-de-jogo/estatisticas-de-jogo/0
13,Botafogo,Atlético-MG,0,1,37%,63%,14,15,2,4,5,6,7,5,20,22,6,2,1,3,20,19,3,2,21,18,4,3,0,0,274,487,208,431,8,18,88,113,43,48,https://www.flashscore.com.br/jogo/K4B326lm/#/resumo-de-jogo/estatisticas-de-jogo/0
14,São Paulo,Fluminense,2,2,37%,63%,6,15,2,3,3,6,1,6,9,22,5,3,5,1,18,17,1,0,17,7,4,2,0,0,327,578,251,500,23,16,79,139,27,42,https://www.flashscore.com.br/jogo/jZhu8SQP/#/resumo-de-jogo/estatisticas-de-jogo/0
15,Juventude,Goiás,0,0,61%,39%,23,16,1,2,12,11,10,3,17,17,7,4,1,2,19,13,2,1,16,16,2,3,0,0,473,307,395,232,14,20,105,99,67,41,https://www.flashscore.com.br/jogo/ERA71Q3g/#/resumo-de-jogo/estatisticas-de-jogo/0
16,Ceará,Corinthians,3,1,45%,55%,18,11,7,4,6,5,5,2,6,19,6,2,2,1,14,17,3,4,18,5,1,1,0,0,433,541,356,461,18,4,93,107,44,23,https://www.flashscore.com.br/jogo/SUEB0pJa/#/resumo-de-jogo/estatisticas-de-jogo/0
17,Avaí,Santos,1,0,41%,59%,14,6,4,2,6,1,4,3,12,20,6,8,3,1,16,33,2,3,17,12,5,3,0,0,337,473,259,397,21,8,101,108,34,47,https://www.flashscore.com.br/jogo/lp3KbOmC/#/resumo-de-jogo/estatisticas-de-jogo/0
18,Flamengo,Coritiba,2,0,55%,45%,17,17,4,0,8,7,5,10,12,13,8,6,0,1,14,18,0,2,13,11,0,1,0,0,545,448,489,392,14,20,111,113,64,55,https://www.flashscore.com.br/jogo/Crfy98BJ/#/resumo-de-jogo/estatisticas-de-jogo/0
19,Internacional,América-MG,1,0,68%,32%,21,9,4,7,11,1,6,1,10,8,13,2,2,2,18,27,7,3,5,8,0,5,0,0,643,307,555,219,17,9,145,91,74,39,https://www.flashscore.com.br/jogo/GdAYlmKm/#/resumo-de-jogo/estatisticas-de-jogo/0
20,Cuiabá,Botafogo,2,0,46%,54%,14,6,6,2,4,3,4,1,13,9,5,2,2,1,16,18,2,4,7,11,1,3,0,2,404,472,329,390,19,17,107,112,38,34,https://www.flashscore.com.br/jogo/2DCpno46/#/resumo-de-jogo/estatisticas-de-jogo/0
21,Atlético-MG,São Paulo,0,0,59%,41%,11,6,2,2,6,2,3,2,16,14,7,4,2,0,16,31,2,2,12,16,1,1,0,0,496,340,420,266,29,23,117,82,60,48,https://www.flashscore.com.br/jogo/lAnBXokD/#/resumo-de-jogo/estatisticas-de-jogo/0
22,Fortaleza,Palmeiras,0,0,39%,61%,12,12,6,5,4,2,2,5,17,10,2,6,1,2,19,19,5,6,9,15,0,1,0,0,295,454,221,381,11,18,84,112,23,42,https://www.flashscore.com.br/jogo/fm9xl7Zg/#/resumo-de-jogo/estatisticas-de-jogo/0
23,Santos,Atlético-GO,1,0,48%,52%,19,15,5,4,6,6,8,5,18,13,9,10,0,0,20,16,4,4,13,18,5,4,0,0,349,369,277,309,14,9,106,95,41,39,https://www.flashscore.com.br/jogo/YXKTkT4s/#/resumo-de-jogo/estatisticas-de-jogo/0
24,Corinthians,Flamengo,1,0,49%,51%,7,12,2,4,5,4,0,4,13,10,6,3,3,1,23,23,4,1,7,12,2,4,0,0,433,457,354,380,14,12,111,87,49,33,https://www.flashscore.com.br/jogo/buU1f9dQ/#/resumo-de-jogo/estatisticas-de-jogo/0
25,Coritiba,Juventude,2,2,48%,52%,19,15,2,6,10,5,7,4,10,18,11,7,0,0,21,15,4,0,19,11,1,2,0,0,348,416,281,341,20,13,132,68,57,35,https://www.flashscore.com.br/jogo/px2ko5JC/#/resumo-de-jogo/estatisticas-de-jogo/0
26,Goiás,Athletico-PR,2,1,35%,65%,11,20,3,4,6,10,2,6,13,13,2,2,0,3,19,27,3,1,15,10,2,1,0,0,255,480,179,414,14,13,85,117,30,46,https://www.flashscore.com.br/jogo/OMDtmRl0/#/resumo-de-jogo/estatisticas-de-jogo/0
27,Fluminense,Ceará,2,1,59%,41%,18,17,6,6,8,4,4,7,25,24,9,10,0,2,13,16,5,4,16,17,2,3,0,0,500,342,437,271,20,11,75,96,58,48,https://www.flashscore.com.br/jogo/QRVgdVRD/#/resumo-de-jogo/estatisticas-de-jogo/0
28,Red Bull Bragantino,Botafogo,0,1,64%,36%,18,9,6,1,7,6,5,2,19,19,9,4,6,0,35,23,0,6,11,19,1,4,1,0,432,248,336,167,26,20,132,89,49,28,https://www.flashscore.com.br/jogo/ltLFrCcE/#/resumo-de-jogo/estatisticas-de-jogo/0
29,América-MG,Goiás,1,0,52%,48%,21,21,5,3,7,10,9,8,14,24,11,3,2,2,22,11,3,4,14,8,2,2,0,0,413,376,320,294,9,15,106,113,70,61,https://www.flashscore.com.br/jogo/MZSTK857/#/resumo-de-jogo/estatisticas-de-jogo/0
30,Coritiba,Fortaleza,2,1,38%,62%,11,20,4,6,4,8,3,6,35,16,2,6,1,1,14,19,5,2,11,22,2,2,1,0,288,475,217,417,17,12,82,129,32,63,https://www.flashscore.com.br/jogo/AJm7YRZ6/#/resumo-de-jogo/estatisticas-de-jogo/0
31,Atlético-GO,São Paulo,1,2,53%,47%,11,8,3,2,6,3,2,3,29,14,3,0,2,1,20,20,0,2,9,20,5,7,0,0,374,345,306,270,9,8,98,96,71,58,https://www.flashscore.com.br/jogo/2gpazl5f/#/resumo-de-jogo/estatisticas-de-jogo/0
32,Avaí,Cuiabá,1,2,60%,40%,12,13,3,3,7,6,2,4,14,13,4,4,3,2,17,24,1,2,10,12,0,0,0,0,560,373,473,287,17,15,170,79,53,51,https://www.flashscore.com.br/jogo/Gdl3Z7K0/#/resumo-de-jogo/estatisticas-de-jogo/0
33,Palmeiras,Athletico-PR,0,2,71%,29%,35,13,7,4,21,3,7,6,15,11,9,2,0,0,20,19,2,7,12,15,1,2,1,0,554,229,471,140,16,17,139,89,65,20,https://www.flashscore.com.br/jogo/W4AKsWCK/#/resumo-de-jogo/estatisticas-de-jogo/0
34,Ceará,Internacional,1,1,61%,39%,9,12,4,5,3,4,2,3,18,26,3,2,3,0,28,13,4,3,24,20,4,3,0,1,391,258,331,200,9,22,123,79,44,19,https://www.flashscore.com.br/jogo/KUffyUkl/#/resumo-de-jogo/estatisticas-de-jogo/0
35,Santos,Flamengo,1,2,45%,55%,15,11,7,6,5,4,3,1,13,17,7,3,2,0,19,14,4,6,15,13,4,2,0,0,398,486,327,424,16,18,101,122,48,40,https://www.flashscore.com.br/jogo/Ae9OtjSQ/#/resumo-de-jogo/estatisticas-de-jogo/0
36,Fluminense,Corinthians,4,0,58%,42%,15,3,6,2,4,1,5,0,12,14,6,4,4,0,17,14,2,2,11,12,0,3,0,0,518,373,471,309,7,20,107,77,48,33,https://www.flashscore.com.br/jogo/zwHBqhr8/#/resumo-de-jogo/estatisticas-de-jogo/0
37,Ceará,Atlético-GO,1,1,49%,51%,10,7,4,2,4,3,2,2,29,26,4,2,0,6,11,14,1,3,16,18,2,2,0,0,351,369,288,301,8,16,103,106,40,33,https://www.flashscore.com.br/jogo/hfyDOj6r/#/resumo-de-jogo/estatisticas-de-jogo/0
38,Goiás,Cuiabá,1,0,46%,54%,15,13,5,2,8,7,2,4,23,23,4,6,2,0,29,36,2,4,14,16,3,5,0,1,309,354,222,270,13,15,95,88,49,53,https://www.flashscore.com.br/jogo/nHzHNALl/#/resumo-de-jogo/estatisticas-de-jogo/0
39,São Paulo,Juventude,0,0,59%,41%,29,4,9,2,12,2,8,0,8,14,16,1,0,1,24,11,2,9,15,7,3,4,0,0,528,400,463,322,17,16,162,66,81,15,https://www.flashscore.com.br/jogo/t2xZVYD8/#/resumo-de-jogo/estatisticas-de-jogo/0
40,Avaí,Palmeiras,2,2,49%,51%,7,15,4,4,3,8,0,3,16,17,2,5,0,1,18,27,2,2,18,17,4,1,0,0,395,390,310,290,17,16,97,116,24,45,https://www.flashscore.com.br/jogo/Q7ZKMUze/#/resumo-de-jogo/estatisticas-de-jogo/0
41,Botafogo,Fluminense,0,1,21%,79%,9,11,1,3,4,6,4,2,15,19,1,6,1,1,16,25,2,1,18,14,3,2,0,0,182,729,121,652,21,22,65,164,21,70,https://www.flashscore.com.br/jogo/lSusUCrL/#/resumo-de-jogo/estatisticas-de-jogo/0
42,Atlético-MG,Fortaleza,3,2,66%,34%,17,8,6,3,9,3,2,2,15,15,1,3,1,0,22,19,1,3,14,15,0,5,0,0,654,328,598,257,24,17,144,85,46,24,https://www.flashscore.com.br/jogo/4z2xWjb2/#/resumo-de-jogo/estatisticas-de-jogo/0
43,Corinthians,Santos,0,0,61%,39%,9,7,1,2,4,3,4,2,13,19,3,2,0,4,20,14,2,1,20,10,3,3,0,0,527,336,449,247,10,22,111,96,41,23,https://www.flashscore.com.br/jogo/AyswVhTE/#/resumo-de-jogo/estatisticas-de-jogo/0
44,Flamengo,América-MG,3,0,53%,47%,23,15,7,5,10,6,6,4,13,18,7,7,2,1,22,18,5,4,17,13,1,2,0,0,432,386,338,300,22,15,115,121,51,45,https://www.flashscore.com.br/jogo/2BwVWEb2/#/resumo-de-jogo/estatisticas-de-jogo/0
45,Athletico-PR,Red Bull Bragantino,4,2,30%,70%,10,23,6,6,1,8,3,9,16,17,5,11,0,3,8,22,4,2,14,11,4,1,0,0,244,559,168,490,18,13,62,126,23,53,https://www.flashscore.com.br/jogo/rqUPLlj1/#/resumo-de-jogo/estatisticas-de-jogo/0
46,São Paulo,Palmeiras,1,2,39%,61%,12,23,3,7,6,9,3,7,17,25,3,7,1,2,22,20,5,2,17,9,3,1,0,0,285,446,210,370,17,12,73,108,41,63,https://www.flashscore.com.br/jogo/AgSnf3ph/#/resumo-de-jogo/estatisticas-de-jogo/0
47,Fluminense,Avaí,2,0,50%,50%,19,9,3,4,11,4,5,1,18,9,6,3,1,4,18,12,4,1,8,15,0,3,0,0,482,485,422,407,15,23,108,116,48,37,https://www.flashscore.com.br/jogo/W2TreqVo/#/resumo-de-jogo/estatisticas-de-jogo/0
48,Atlético-GO,Juventude,3,1,65%,35%,26,5,6,3,13,1,7,1,11,16,7,2,1,1,19,11,2,3,15,11,3,4,0,1,513,277,448,202,11,8,130,62,64,24,https://www.flashscore.com.br/jogo/IJaQYhEq/#/resumo-de-jogo/estatisticas-de-jogo/0
49,Fortaleza,América-MG,1,0,51%,49%,18,14,8,4,7,6,3,4,10,10,5,8,1,5,22,35,4,7,8,5,1,0,0,0,350,325,248,226,19,21,117,115,49,56,https://www.flashscore.com.br/jogo/vZJ3jLqH/#/resumo-de-jogo/estatisticas-de-jogo/0
50,Internacional,Botafogo,2,3,78%,22%,18,10,8,6,8,3,2,1,16,18,7,2,5,3,21,13,3,6,13,13,6,6,1,2,594,175,520,105,17,11,143,61,100,19,https://www.flashscore.com.br/jogo/0rLai1UA/#/resumo-de-jogo/estatisticas-de-jogo/0
51,Atlético-MG,Flamengo,2,0,48%,52%,16,10,3,3,6,3,7,4,16,16,9,8,1,1,12,15,3,1,18,13,4,1,0,0,373,406,315,348,18,17,90,98,46,39,https://www.flashscore.com.br/jogo/rmz1Waho/#/resumo-de-jogo/estatisticas-de-jogo/0
52,Corinthians,Goiás,1,0,66%,34%,17,9,3,2,8,5,6,2,10,9,6,4,3,1,31,25,2,2,7,13,1,4,0,0,605,300,518,221,24,9,133,74,69,35,https://www.flashscore.com.br/jogo/hIHigNab/#/resumo-de-jogo/estatisticas-de-jogo/0
53,Coritiba,Athletico-PR,0,1,61%,39%,24,10,3,3,12,6,9,1,13,14,12,1,3,2,24,26,2,3,12,11,5,6,2,0,371,252,300,177,16,15,100,86,69,32,https://www.flashscore.com.br/jogo/jXcYWWrd/#/resumo-de-jogo/estatisticas-de-jogo/0
54,Santos,Red Bull Bragantino,2,2,43%,57%,12,18,5,7,2,7,5,4,18,13,3,9,0,0,18,20,5,3,13,18,4,3,0,0,341,441,280,377,6,21,102,102,33,54,https://www.flashscore.com.br/jogo/6LLehsF4/#/resumo-de-jogo/estatisticas-de-jogo/0
55,Avaí,Fortaleza,3,2,50%,50%,12,4,4,3,6,1,2,0,17,17,3,4,2,2,20,20,1,1,16,17,1,3,0,0,436,424,352,344,24,12,117,112,34,38,https://www.flashscore.com.br/jogo/bFbUyMUN/#/resumo-de-jogo/estatisticas-de-jogo/0
56,Palmeiras,Atlético-GO,4,2,49%,51%,28,10,12,3,12,5,4,2,19,14,12,4,2,2,8,12,1,8,12,16,2,1,0,1,358,392,296,326,14,9,86,92,58,20,https://www.flashscore.com.br/jogo/Ia39tpGh/#/resumo-de-jogo/estatisticas-de-jogo/0
57,Botafogo,São Paulo,1,0,33%,67%,17,6,3,2,11,2,3,2,20,15,3,3,1,4,17,18,2,2,17,17,6,3,0,0,274,573,197,470,17,23,98,138,41,53,https://www.flashscore.com.br/jogo/dj2Du4Vb/#/resumo-de-jogo/estatisticas-de-jogo/0
58,América-MG,Fluminense,0,0,22%,78%,9,20,4,3,3,10,2,7,10,12,3,8,0,1,6,21,3,4,12,9,3,1,1,0,183,687,119,614,16,10,54,171,24,94,https://www.flashscore.com.br/jogo/pCYfNMFU/#/resumo-de-jogo/estatisticas-de-jogo/0
59,Athletico-PR,Corinthians,1,1,44%,56%,21,11,2,6,13,2,6,3,7,14,11,4,3,0,21,13,5,1,12,9,2,2,1,1,382,523,315,451,13,10,111,100,55,41,https://www.flashscore.com.br/jogo/tvlZztpU/#/resumo-de-jogo/estatisticas-de-jogo/0
60,Flamengo,Cuiabá,2,0,63%,37%,15,6,6,1,5,5,4,0,14,20,4,3,3,0,19,16,1,4,17,14,1,2,0,0,621,350,561,294,13,14,134,93,45,34,https://www.flashscore.com.br/jogo/AZa1r6ot/#/resumo-de-jogo/estatisticas-de-jogo/0
61,Goiás,Internacional,1,2,53%,47%,6,16,2,8,2,3,2,5,14,15,8,2,4,0,21,19,6,1,11,14,4,3,0,0,426,408,360,326,16,29,104,113,60,32,https://www.flashscore.com.br/jogo/nueQx2FH/#/resumo-de-jogo/estatisticas-de-jogo/0
62,Ceará,Atlético-MG,0,0,52%,48%,16,14,3,2,10,8,3,4,16,16,5,2,1,0,20,20,2,3,14,17,2,3,0,0,476,450,389,360,16,21,143,99,61,27,https://www.flashscore.com.br/jogo/hIeMwr0B/#/resumo-de-jogo/estatisticas-de-jogo/0
63,Red Bull Bragantino,Coritiba,4,2,52%,48%,19,16,7,5,8,6,4,5,13,14,4,5,1,1,11,27,3,4,14,12,2,1,0,0,449,416,363,337,15,20,121,104,41,40,https://www.flashscore.com.br/jogo/Ox45sQ0n/#/resumo-de-jogo/estatisticas-de-jogo/0
64,Botafogo,Avaí,0,1,51%,49%,21,9,7,2,9,4,5,3,27,20,7,1,1,5,25,23,1,7,19,22,4,6,0,1,417,410,313,313,19,15,139,102,40,30,https://www.flashscore.com.br/jogo/r5TWSQog/#/resumo-de-jogo/estatisticas-de-jogo/0
65,Fortaleza,Athletico-PR,0,0,0,0,0,0,0,0,0,0,0,0,0,0,0,0,0,0,0,0,0,0,0,0,0,0,0,0,0,0,0,0,0,0,0,0,0,0,https://www.flashscore.com.br/jogo/jVWvR4G5/#/resumo-de-jogo/estatisticas-de-jogo/0
66,Coritiba,Palmeiras,0,2,47%,53%,11,16,4,6,3,6,4,4,16,12,5,6,1,2,21,18,4,4,11,13,1,2,1,0,410,470,345,408,21,18,102,105,42,58,https://www.flashscore.com.br/jogo/6LZjO20O/#/resumo-de-jogo/estatisticas-de-jogo/0
67,Goiás,Ceará,1,1,49%,51%,12,20,4,6,6,8,2,6,16,20,2,10,1,3,24,26,5,3,20,14,6,2,0,1,357,372,289,281,13,13,22,22,8,9,https://www.flashscore.com.br/jogo/YgMqQOVB/#/resumo-de-jogo/estatisticas-de-jogo/0
68,São Paulo,América-MG,1,0,48%,52%,15,11,2,5,8,5,5,1,16,18,2,4,2,0,26,30,5,1,14,16,2,2,0,0,406,438,313,330,18,18,26,17,11,10,https://www.flashscore.com.br/jogo/nwzOUnHt/#/resumo-de-jogo/estatisticas-de-jogo/0
69,Internacional,Flamengo,3,1,32%,68%,11,16,4,3,4,8,3,5,14,18,4,4,3,1,11,18,2,1,15,14,3,3,0,0,290,599,223,530,14,8,54,159,34,52,https://www.flashscore.com.br/jogo/xSSzSp1a/#/resumo-de-jogo/estatisticas-de-jogo/0
70,Atlético-MG,Santos,1,1,68%,32%,16,12,4,6,8,4,4,2,18,11,5,6,1,2,20,18,5,3,11,16,4,3,0,1,601,275,532,219,19,11,136,85,50,24,https://www.flashscore.com.br/jogo/WQaEAqWO/#/resumo-de-jogo/estatisticas-de-jogo/0
71,Cuiabá,Red Bull Bragantino,1,1,43%,57%,19,8,5,4,7,3,7,1,14,13,5,4,0,0,27,20,3,4,14,15,1,3,0,0,335,450,259,368,15,22,94,113,57,40,https://www.flashscore.com.br/jogo/CpLmProI/#/resumo-de-jogo/estatisticas-de-jogo/0
72,Fluminense,Atlético-GO,0,2,47%,53%,15,17,4,9,5,3,6,5,16,10,10,6,2,3,17,19,7,4,10,13,3,2,1,0,404,484,340,411,8,22,108,92,65,28,https://www.flashscore.com.br/jogo/pUmdZS8P/#/resumo-de-jogo/estatisticas-de-jogo/0
73,Coritiba,São Paulo,1,1,40%,60%,11,16,2,4,7,5,2,7,14,12,1,10,1,1,18,19,3,1,12,13,3,3,0,0,318,468,245,391,21,11,80,125,28,61,https://www.flashscore.com.br/jogo/KjdABPGI/#/resumo-de-jogo/estatisticas-de-jogo/0
74,Fortaleza,Goiás,1,1,51%,49%,20,12,4,2,9,8,7,2,20,17,6,2,5,2,20,19,1,3,12,18,1,2,0,0,389,377,313,310,9,8,102,109,47,34,https://www.flashscore.com.br/jogo/U13cERWa/#/resumo-de-jogo/estatisticas-de-jogo/0
75,Palmeiras,Botafogo,4,0,48%,52%,14,12,6,3,5,7,3,2,15,18,7,4,3,0,20,29,3,2,16,14,1,1,0,0,390,440,326,379,22,18,100,100,37,25,https://www.flashscore.com.br/jogo/fqBpHTns/#/resumo-de-jogo/estatisticas-de-jogo/0
76,Fluminense,Atlético-MG,5,3,43%,57%,13,11,9,6,1,4,3,1,18,14,1,9,1,3,13,26,3,4,13,15,3,3,0,0,332,424,259,359,17,13,89,106,21,50,https://www.flashscore.com.br/jogo/bDPEMkPJ/#/resumo-de-jogo/estatisticas-de-jogo/0
77,Santos,Internacional,1,1,51%,49%,22,11,6,6,11,3,5,2,16,13,10,3,2,1,25,17,5,5,11,15,2,1,0,0,414,406,336,326,19,21,114,95,54,41,https://www.flashscore.com.br/jogo/8nFlGm2m/#/resumo-de-jogo/estatisticas-de-jogo/0
78,Atlético-GO,Avaí,2,1,53%,47%,13,10,5,3,6,6,2,1,12,13,8,6,1,0,20,16,2,3,12,12,1,5,0,1,428,394,340,313,13,12,103,110,62,38,https://www.flashscore.com.br/jogo/by81Don6/#/resumo-de-jogo/estatisticas-de-jogo/0
79,Red Bull Bragantino,Flamengo,1,0,32%,68%,12,13,2,3,8,8,2,2,17,13,5,7,2,1,20,23,3,1,11,16,1,4,1,0,254,551,197,490,15,13,60,119,33,79,https://www.flashscore.com.br/jogo/x4OIL9vQ/#/resumo-de-jogo/estatisticas-de-jogo/0
80,América-MG,Ceará,0,2,57%,43%,16,7,3,3,9,3,4,1,20,22,4,4,3,0,23,16,1,3,18,20,2,3,0,0,449,348,355,244,8,14,134,91,66,28,https://www.flashscore.com.br/jogo/bLJwb6nJ/#/resumo-de-jogo/estatisticas-de-jogo/0
81,Juventude,Athletico-PR,1,3,54%,46%,18,7,4,6,8,0,6,1,11,9,11,5,0,1,27,27,3,3,9,10,2,4,0,0,384,338,290,235,16,16,117,78,92,37,https://www.flashscore.com.br/jogo/jB4gF7Hg/#/resumo-de-jogo/estatisticas-de-jogo/0
82,Botafogo,Goiás,1,2,62%,38%,16,11,5,4,5,5,6,2,20,10,9,2,1,1,23,19,2,4,11,22,2,2,0,0,467,283,397,200,14,28,124,100,70,29,https://www.flashscore.com.br/jogo/MFOE3AIs/#/resumo-de-jogo/estatisticas-de-jogo/0
83,Red Bull Bragantino,Internacional,0,2,49%,51%,8,9,2,5,3,3,3,1,13,21,7,3,2,1,17,20,3,2,20,12,3,3,0,0,433,477,358,395,14,16,98,111,57,33,https://www.flashscore.com.br/jogo/2RBtMIY8/#/resumo-de-jogo/estatisticas-de-jogo/0
84,Flamengo,Fortaleza,1,2,66%,34%,10,12,3,6,4,5,3,1,32,14,9,3,2,5,19,26,4,2,9,21,3,4,0,0,527,279,461,210,18,14,134,65,64,43,https://www.flashscore.com.br/jogo/4tgwNbJ2/#/resumo-de-jogo/estatisticas-de-jogo/0
85,Palmeiras,Atlético-MG,0,0,50%,50%,16,11,3,3,10,5,3,3,30,13,6,2,0,4,25,14,3,3,8,19,1,3,0,0,367,377,288,310,21,22,99,102,30,36,https://www.flashscore.com.br/jogo/pj1oLxlF/#/resumo-de-jogo/estatisticas-de-jogo/0
86,Juventude,Fluminense,1,0,49%,51%,11,5,3,1,3,4,5,0,15,36,5,7,5,1,20,33,1,2,21,10,3,4,0,1,251,258,102,102,21,12,92,103,67,66,https://www.flashscore.com.br/jogo/jkTI2UXm/#/resumo-de-jogo/estatisticas-de-jogo/0
87,Atlético-GO,Corinthians,0,1,56%,44%,14,10,3,1,4,6,7,3,15,17,9,0,3,0,16,20,0,3,9,11,3,3,0,0,525,432,449,361,11,7,115,108,74,31,https://www.flashscore.com.br/jogo/C4HR0820/#/resumo-de-jogo/estatisticas-de-jogo/0
88,Athletico-PR,Santos,2,2,0,0,0,0,0,0,0,0,0,0,0,0,0,0,0,0,0,0,0,0,0,0,0,0,0,0,0,0,0,0,0,0,0,0,0,0,https://www.flashscore.com.br/jogo/KUKZbnXC/#/resumo-de-jogo/estatisticas-de-jogo/0
89,Avaí,São Paulo,1,1,53%,47%,17,16,6,4,8,5,3,7,29,13,4,7,1,2,20,19,3,5,11,23,2,2,0,0,444,386,345,287,13,23,134,106,49,38,https://www.flashscore.com.br/jogo/Q7LVaSH6/#/resumo-de-jogo/estatisticas-de-jogo/0
90,Ceará,Coritiba,1,1,51%,49%,22,14,10,6,6,4,6,4,14,24,5,6,4,1,19,10,5,9,14,9,1,4,0,0,423,419,360,337,12,20,106,83,55,38,https://www.flashscore.com.br/jogo/UuSM1lmf/#/resumo-de-jogo/estatisticas-de-jogo/0
91,Internacional,Atlético-GO,1,1,44%,56%,10,20,5,7,5,11,0,2,22,10,3,12,0,0,13,14,6,4,7,16,1,2,0,0,428,524,356,443,18,16,97,134,47,75,https://www.flashscore.com.br/jogo/pxMC6wZL/#/resumo-de-jogo/estatisticas-de-jogo/0
92,Atlético-MG,Avaí,2,1,62%,38%,27,5,7,1,13,2,7,2,17,23,13,0,2,0,25,21,0,5,14,10,3,2,0,1,497,321,414,241,17,15,130,88,72,21,https://www.flashscore.com.br/jogo/z1eDoxcd/#/resumo-de-jogo/estatisticas-de-jogo/0
93,Corinthians,América-MG,1,1,63%,37%,7,13,4,5,1,3,2,5,23,17,6,5,0,1,28,27,4,3,13,19,2,1,0,0,541,316,442,220,28,15,107,109,47,46,https://www.flashscore.com.br/jogo/OMX38a49/#/resumo-de-jogo/estatisticas-de-jogo/0
94,Cuiabá,Athletico-PR,0,1,58%,42%,10,19,0,8,6,4,4,7,28,14,8,8,0,4,17,13,7,0,9,17,5,0,0,0,460,331,400,261,11,18,86,92,60,34,https://www.flashscore.com.br/jogo/fBBn0yCk/#/resumo-de-jogo/estatisticas-de-jogo/0
95,Fluminense,Flamengo,1,2,62%,38%,17,7,6,3,7,3,4,1,24,15,12,2,2,4,23,17,1,5,9,16,3,5,1,1,509,306,440,235,13,23,122,76,43,33,https://www.flashscore.com.br/jogo/x6ZeALZd/#/resumo-de-jogo/estatisticas-de-jogo/0
96,Coritiba,Botafogo,1,0,28%,72%,15,18,5,3,8,8,2,7,16,13,5,9,3,4,16,35,3,4,10,12,0,0,0,0,191,485,114,405,20,21,69,145,38,65,https://www.flashscore.com.br/jogo/Cn6iaeRe/#/resumo-de-jogo/estatisticas-de-jogo/0
97,Santos,Palmeiras,0,1,44%,56%,18,17,4,4,7,9,7,4,17,20,3,4,1,2,9,6,3,4,19,15,5,1,0,0,384,476,309,415,14,16,100,128,43,37,https://www.flashscore.com.br/jogo/2DW77JJF/#/resumo-de-jogo/estatisticas-de-jogo/0
98,Fortaleza,Juventude,1,1,62%,38%,14,16,3,8,5,5,6,3,16,10,8,7,1,0,29,14,7,2,10,16,2,3,0,0,553,334,468,257,15,15,150,81,72,41,https://www.flashscore.com.br/jogo/buQG5clS/#/resumo-de-jogo/estatisticas-de-jogo/0
99,São Paulo,Ceará,2,2,51%,49%,15,7,5,4,7,2,3,1,17,29,8,3,2,3,21,27,2,3,19,10,4,5,1,0,371,353,302,287,17,12,92,88,47,40,https://www.flashscore.com.br/jogo/GdYa9uk3/#/resumo-de-jogo/estatisticas-de-jogo/0
100,Athletico-PR,Avaí,2,1,42%,58%,12,9,3,4,5,3,4,2,16,22,5,4,1,0,22,25,3,1,23,17,2,6,0,0,344,462,254,375,18,16,123,117,32,22,https://www.flashscore.com.br/jogo/Mci9nIsj/#/resumo-de-jogo/estatisticas-de-jogo/0
101,Corinthians,São Paulo,1,1,55%,45%,13,14,5,7,8,4,0,3,13,12,8,8,2,2,13,11,6,4,11,12,2,3,0,0,515,415,417,311,19,17,121,130,42,35,https://www.flashscore.com.br/jogo/O29MeMK3/#/resumo-de-jogo/estatisticas-de-jogo/0
102,Fortaleza,Fluminense,0,1,63%,37%,23,7,8,3,7,4,8,0,18,13,12,5,0,3,18,13,2,8,13,14,1,1,0,0,485,292,413,214,12,19,156,51,77,20,https://www.flashscore.com.br/jogo/8jBYhK4M/#/resumo-de-jogo/estatisticas-de-jogo/0
103,América-MG,Botafogo,1,1,41%,59%,12,8,4,5,5,2,3,1,10,23,3,5,3,1,20,16,4,3,19,9,2,1,0,0,374,516,278,427,23,29,99,128,41,48,https://www.flashscore.com.br/jogo/EXRVYbDj/#/resumo-de-jogo/estatisticas-de-jogo/0
104,Cuiabá,Internacional,1,1,42%,58%,11,14,3,4,4,6,4,4,13,10,4,11,2,1,16,20,3,2,9,12,3,7,2,0,316,425,246,357,20,10,65,111,31,50,https://www.flashscore.com.br/jogo/Szh5mbSq/#/resumo-de-jogo/estatisticas-de-jogo/0
105,Juventude,Palmeiras,0,3,45%,55%,13,20,3,8,7,5,3,7,8,21,7,7,1,2,17,22,5,3,20,6,3,0,0,0,381,465,301,388,19,19,108,116,35,32,https://www.flashscore.com.br/jogo/UaCUg0kG/#/resumo-de-jogo/estatisticas-de-jogo/0
106,Santos,Ceará,0,0,51%,49%,16,11,3,4,11,6,2,1,12,13,6,2,2,1,23,15,4,3,9,13,1,4,0,1,382,389,308,312,17,8,117,109,60,41,https://www.flashscore.com.br/jogo/zwDQftzA/#/resumo-de-jogo/estatisticas-de-jogo/0
107,Atlético-GO,Coritiba,2,0,57%,43%,17,14,3,6,7,6,7,2,14,15,3,5,1,1,10,21,6,1,14,13,4,1,0,2,499,355,426,291,9,16,114,92,61,45,https://www.flashscore.com.br/jogo/QR5whvKS/#/resumo-de-jogo/estatisticas-de-jogo/0
108,Goiás,Santos,1,0,32%,68%,10,16,5,3,3,9,2,4,12,14,5,9,0,2,18,28,3,4,14,11,0,0,0,0,243,509,176,448,14,13,77,117,32,64,https://www.flashscore.com.br/jogo/Gdneu1zN/#/resumo-de-jogo/estatisticas-de-jogo/0
109,Avaí,Juventude,1,2,64%,36%,17,5,5,3,8,1,4,1,15,17,6,6,0,0,25,17,1,4,18,16,2,5,0,2,545,299,461,236,10,14,132,80,71,37,https://www.flashscore.com.br/jogo/UajavLkT/#/resumo-de-jogo/estatisticas-de-jogo/0
110,Botafogo,Fortaleza,3,1,62%,38%,13,10,6,3,4,3,3,4,17,17,5,1,3,2,20,19,2,3,14,15,3,2,0,1,509,304,429,222,7,21,137,78,48,30,https://www.flashscore.com.br/jogo/GMHjr3j4/#/resumo-de-jogo/estatisticas-de-jogo/0
111,Coritiba,América-MG,1,0,58%,42%,17,9,7,2,6,4,4,3,24,15,7,4,4,1,25,25,2,6,11,23,1,6,0,1,407,292,347,234,25,15,117,86,44,41,https://www.flashscore.com.br/jogo/zsTRZvbp/#/resumo-de-jogo/estatisticas-de-jogo/0
112,São Paulo,Cuiabá,2,1,73%,27%,21,6,9,3,9,2,3,1,14,6,15,3,1,0,31,16,2,7,5,15,2,1,0,1,591,214,527,158,12,14,133,70,76,25,https://www.flashscore.com.br/jogo/r9JrpPLi/#/resumo-de-jogo/estatisticas-de-jogo/0
113,Fluminense,Athletico-PR,2,1,63%,37%,11,12,6,3,3,3,2,6,13,12,4,5,1,1,24,26,2,4,12,12,3,2,0,0,523,289,453,221,20,29,97,87,46,36,https://www.flashscore.com.br/jogo/U5Fvo56o/#/resumo-de-jogo/estatisticas-de-jogo/0
114,Atlético-MG,Atlético-GO,2,0,56%,44%,12,5,7,0,1,2,4,3,15,18,10,2,2,1,22,17,0,5,14,14,1,2,0,0,523,400,355,274,9,14,138,66,71,25,https://www.flashscore.com.br/jogo/S0ydMLTp/#/resumo-de-jogo/estatisticas-de-jogo/0
115,Internacional,Corinthians,2,2,48%,52%,13,15,5,9,4,4,4,2,10,9,5,6,1,3,18,15,7,3,8,7,2,2,0,0,385,425,319,367,14,12,67,93,38,39,https://www.flashscore.com.br/jogo/rqlmsN5A/#/resumo-de-jogo/estatisticas-de-jogo/0
116,Ceará,Flamengo,2,2,41%,59%,15,11,5,4,4,3,6,4,22,23,8,3,4,0,17,16,2,3,18,22,5,5,0,0,332,485,272,406,13,34,85,49,32,17,https://www.flashscore.com.br/jogo/MZnitsLG/#/resumo-de-jogo/estatisticas-de-jogo/0
117,Avaí,Coritiba,2,1,58%,42%,12,8,6,4,4,3,2,1,12,14,5,7,0,1,15,17,3,4,14,13,3,3,0,0,544,379,459,302,19,20,153,90,34,26,https://www.flashscore.com.br/jogo/dIpQRs6N/#/resumo-de-jogo/estatisticas-de-jogo/0
118,Fortaleza,São Paulo,1,1,54%,46%,12,4,3,2,4,0,5,2,15,20,9,4,3,2,24,21,1,2,16,14,2,3,0,0,381,338,305,247,12,16,123,80,65,32,https://www.flashscore.com.br/jogo/z3dHT3yB/#/resumo-de-jogo/estatisticas-de-jogo/0
119,Juventude,Internacional,1,1,57%,43%,11,8,5,3,6,3,0,2,13,24,6,3,3,1,27,17,2,4,22,13,5,4,0,0,448,351,369,273,20,17,92,110,61,29,https://www.flashscore.com.br/jogo/OShDUqM4/#/resumo-de-jogo/estatisticas-de-jogo/0
120,Red Bull Bragantino,Corinthians,0,1,57%,43%,8,4,2,1,5,2,1,1,9,14,1,1,3,1,31,14,0,2,11,9,1,2,0,0,536,416,450,332,16,17,129,99,59,30,https://www.flashscore.com.br/jogo/Yw00Xoxn/#/resumo-de-jogo/estatisticas-de-jogo/0
121,Santos,Cuiabá,4,1,47%,53%,12,16,7,3,3,7,2,6,14,14,4,8,1,2,19,12,2,3,14,12,1,2,0,0,417,454,348,402,19,13,107,118,26,45,https://www.flashscore.com.br/jogo/U5g9VP6b/#/resumo-de-jogo/estatisticas-de-jogo/0
122,Atlético-GO,Goiás,0,1,77%,23%,33,6,7,3,16,3,10,0,14,13,12,0,2,2,28,18,2,7,12,11,4,4,0,1,531,173,468,105,15,12,130,78,95,24,https://www.flashscore.com.br/jogo/IRoMSNjH/#/resumo-de-jogo/estatisticas-de-jogo/0
123,Palmeiras,Fluminense,1,1,48%,52%,19,8,5,2,6,3,8,3,13,13,6,3,3,0,33,13,1,4,10,13,1,2,0,0,357,403,304,336,17,18,117,59,71,20,https://www.flashscore.com.br/jogo/jFf5W5ih/#/resumo-de-jogo/estatisticas-de-jogo/0
124,Flamengo,Botafogo,0,1,52%,48%,17,13,8,8,9,1,0,4,19,22,10,4,8,1,20,14,7,8,13,18,1,3,0,0,408,387,331,302,31,15,130,86,57,31,https://www.flashscore.com.br/jogo/fm1dYRMu/#/resumo-de-jogo/estatisticas-de-jogo/0
125,Athletico-PR,Ceará,1,0,40%,60%,15,16,9,3,4,10,2,3,8,20,4,9,1,1,33,34,3,8,19,8,5,3,0,0,285,406,211,318,18,18,92,100,33,47,https://www.flashscore.com.br/jogo/QikUQ1LT/#/resumo-de-jogo/estatisticas-de-jogo/0
126,São Paulo,Santos,2,1,57%,43%,10,8,3,3,5,3,2,2,7,17,1,4,2,0,19,17,2,1,15,8,2,4,0,0,459,351,395,286,15,6,106,92,70,27,https://www.flashscore.com.br/jogo/8UHgyewK/#/resumo-de-jogo/estatisticas-de-jogo/0
127,Internacional,Avaí,0,0,60%,40%,23,11,3,4,11,2,9,5,16,15,18,2,0,0,27,17,4,3,15,16,2,4,0,0,536,377,459,296,23,24,165,77,66,17,https://www.flashscore.com.br/jogo/MybUUhGm/#/resumo-de-jogo/estatisticas-de-jogo/0
128,Corinthians,Fortaleza,1,0,56%,44%,6,15,3,5,2,5,1,5,19,15,9,4,1,4,23,30,5,2,14,14,1,3,0,0,421,332,339,246,16,13,128,92,42,43,https://www.flashscore.com.br/jogo/2iHczFhQ/#/resumo-de-jogo/estatisticas-de-jogo/0
129,Coritiba,Fluminense,3,2,55%,45%,20,7,8,4,7,3,5,0,17,14,8,1,1,2,18,16,2,5,13,16,0,4,0,1,438,385,389,312,18,17,127,73,78,17,https://www.flashscore.com.br/jogo/U7poRAFC/#/resumo-de-jogo/estatisticas-de-jogo/0
130,Botafogo,Juventude,1,1,61%,39%,17,8,4,4,7,4,6,0,19,16,6,4,2,3,17,27,3,3,14,17,2,5,0,0,399,253,333,187,15,22,108,84,47,31,https://www.flashscore.com.br/jogo/vD8PVY0s/#/resumo-de-jogo/estatisticas-de-jogo/0
131,Cuiabá,Atlético-GO,1,1,51%,49%,17,14,5,7,7,6,5,1,14,14,4,6,1,0,15,10,6,4,12,14,2,0,0,0,475,472,423,406,12,26,104,98,59,51,https://www.flashscore.com.br/jogo/nqetSj06/#/resumo-de-jogo/estatisticas-de-jogo/0
132,Goiás,Atlético-MG,2,2,31%,69%,7,21,2,5,3,11,2,5,16,21,0,10,0,2,17,11,3,0,21,15,5,4,0,0,253,581,182,513,16,13,84,136,24,72,https://www.flashscore.com.br/jogo/8hdxTWp0/#/resumo-de-jogo/estatisticas-de-jogo/0
133,América-MG,Athletico-PR,1,0,46%,54%,7,13,3,6,4,5,0,2,15,23,6,11,4,3,27,15,6,2,19,12,1,0,0,0,364,420,277,330,21,10,85,123,53,36,https://www.flashscore.com.br/jogo/jgm9TrKD/#/resumo-de-jogo/estatisticas-de-jogo/0
134,Avaí,Goiás,3,2,41%,59%,14,18,4,5,6,4,4,9,22,20,3,5,0,3,16,23,3,1,20,20,4,5,1,0,255,376,182,308,18,21,86,99,38,39,https://www.flashscore.com.br/jogo/Iuk1V4k1/#/resumo-de-jogo/estatisticas-de-jogo/0
135,Atlético-GO,Botafogo,1,1,37%,63%,9,17,2,2,7,4,0,11,8,13,2,7,2,2,24,25,1,1,11,5,2,1,0,0,321,526,244,452,26,20,90,133,34,58,https://www.flashscore.com.br/jogo/KfWcWpze/#/resumo-de-jogo/estatisticas-de-jogo/0
136,Juventude,Cuiabá,0,1,57%,43%,13,10,2,4,8,4,3,2,19,19,6,7,2,1,23,14,3,2,18,19,3,4,1,0,427,317,351,245,14,20,116,101,43,30,https://www.flashscore.com.br/jogo/burkY65r/#/resumo-de-jogo/estatisticas-de-jogo/0
137,Santos,América-MG,3,0,39%,61%,18,19,8,2,5,11,5,6,9,18,3,8,2,1,11,26,2,5,16,8,2,0,0,0,324,487,244,415,20,7,104,128,33,73,https://www.flashscore.com.br/jogo/6mjNxmcR/#/resumo-de-jogo/estatisticas-de-jogo/0
138,Atlético-MG,Coritiba,2,2,61%,39%,20,11,5,4,12,5,3,2,8,10,3,3,0,0,14,12,2,3,10,8,2,1,0,0,657,413,588,351,21,14,139,95,60,35,https://www.flashscore.com.br/jogo/IR9SG5z8/#/resumo-de-jogo/estatisticas-de-jogo/0
139,Fluminense,Internacional,0,1,57%,43%,12,12,2,4,4,4,6,4,14,19,5,4,4,2,17,16,3,2,15,12,5,3,0,0,503,382,430,295,11,18,112,98,46,37,https://www.flashscore.com.br/jogo/WUcAukD8/#/resumo-de-jogo/estatisticas-de-jogo/0
140,Palmeiras,Corinthians,3,0,44%,56%,20,7,7,1,9,3,4,3,12,15,12,4,3,0,18,22,1,4,13,13,1,2,0,0,339,426,267,361,14,16,87,104,44,42,https://www.flashscore.com.br/jogo/SdiJwTsL/#/resumo-de-jogo/estatisticas-de-jogo/0
141,Athletico-PR,Flamengo,1,0,41%,59%,10,11,2,6,5,3,3,2,10,17,6,5,2,1,25,17,6,1,15,10,4,2,0,0,354,501,267,409,17,27,111,116,43,65,https://www.flashscore.com.br/jogo/C2l5UO47/#/resumo-de-jogo/estatisticas-de-jogo/0
142,Ceará,Botafogo,1,3,64%,36%,18,11,4,3,7,5,7,3,17,16,4,2,1,2,30,16,0,3,16,15,1,4,1,0,467,256,373,178,15,25,132,67,57,21,https://www.flashscore.com.br/jogo/QBeJKmyq/#/resumo-de-jogo/estatisticas-de-jogo/0
143,Athletico-PR,Atlético-MG,0,1,44%,56%,12,17,3,5,6,10,3,2,15,10,2,5,1,0,27,25,4,3,9,14,2,3,0,0,411,520,334,438,14,25,123,111,43,49,https://www.flashscore.com.br/jogo/vyBOHoL1/#/resumo-de-jogo/estatisticas-de-jogo/0
144,Internacional,Fortaleza,2,1,51%,49%,18,7,5,3,8,2,5,2,17,13,8,5,0,3,20,16,2,3,15,13,5,5,0,0,474,453,391,349,8,14,127,97,39,28,https://www.flashscore.com.br/jogo/lj4iPTSR/#/resumo-de-jogo/estatisticas-de-jogo/0
145,Red Bull Bragantino,Atlético-GO,4,0,58%,42%,18,5,8,3,3,2,7,0,11,13,13,2,1,2,18,29,3,4,12,9,1,4,0,0,486,366,428,288,16,11,120,70,76,22,https://www.flashscore.com.br/jogo/b1BvSVr9/#/resumo-de-jogo/estatisticas-de-jogo/0
146,Flamengo,São Paulo,3,1,53%,47%,19,6,8,1,9,4,2,1,26,18,2,3,2,1,13,15,0,5,17,25,2,6,0,0,423,368,366,309,18,8,107,77,47,29,https://www.flashscore.com.br/jogo/KACzTBT2/#/resumo-de-jogo/estatisticas-de-jogo/0
147,Santos,Coritiba,2,1,35%,65%,15,22,7,6,5,9,3,7,10,23,4,7,2,0,11,19,5,5,22,10,2,4,0,0,287,516,223,450,24,14,75,147,42,65,https://www.flashscore.com.br/jogo/6REnQ9DL/#/resumo-de-jogo/estatisticas-de-jogo/0
148,Cuiabá,Fluminense,0,1,39%,61%,5,12,1,3,1,8,3,1,13,20,2,5,1,0,19,20,2,1,18,14,2,1,0,0,331,526,244,457,18,17,97,131,35,37,https://www.flashscore.com.br/jogo/bPgRIR5e/#/resumo-de-jogo/estatisticas-de-jogo/0
149,América-MG,Juventude,4,1,46%,54%,22,13,9,4,9,3,4,6,12,22,5,5,2,2,19,17,3,5,19,11,3,0,0,1,378,444,307,364,10,14,106,103,53,35,https://www.flashscore.com.br/jogo/I5Yi4Sj2/#/resumo-de-jogo/estatisticas-de-jogo/0
150,Corinthians,Avaí,3,0,54%,46%,14,15,4,5,6,7,4,3,17,23,7,2,1,5,18,18,5,1,22,12,1,1,0,0,596,504,515,431,16,16,122,99,41,25,https://www.flashscore.com.br/jogo/SzGrRkbF/#/resumo-de-jogo/estatisticas-de-jogo/0
151,Juventude,Red Bull Bragantino,2,2,50%,50%,13,15,7,2,3,8,3,5,17,21,5,4,5,1,19,24,0,5,16,17,4,5,0,0,417,419,339,334,22,14,109,99,79,60,https://www.flashscore.com.br/jogo/EXk9CjqM/#/resumo-de-jogo/estatisticas-de-jogo/0
152,Avaí,América-MG,1,0,58%,42%,13,7,2,1,8,3,3,3,19,24,6,1,3,2,28,27,1,1,20,18,3,4,0,2,542,394,459,298,19,12,120,107,43,32,https://www.flashscore.com.br/jogo/C8Vq6lMk/#/resumo-de-jogo/estatisticas-de-jogo/0
153,São Paulo,Athletico-PR,4,0,54%,46%,18,7,8,0,7,5,3,2,15,19,5,5,2,2,18,8,0,4,17,14,1,3,0,0,514,434,453,377,17,8,93,86,35,32,https://www.flashscore.com.br/jogo/OrcdFha3/#/resumo-de-jogo/estatisticas-de-jogo/0
154,Fortaleza,Cuiabá,0,1,65%,35%,22,9,5,4,7,3,10,2,23,23,7,1,1,0,24,16,3,5,22,23,2,3,0,0,445,246,375,171,11,17,122,77,45,16,https://www.flashscore.com.br/jogo/hOlDBAbS/#/resumo-de-jogo/estatisticas-de-jogo/0
155,Atlético-MG,Internacional,2,0,52%,48%,15,6,5,1,8,4,2,1,25,19,3,3,2,0,17,20,1,3,12,18,2,4,0,0,533,486,466,415,9,19,103,112,46,36,https://www.flashscore.com.br/jogo/WzeBik7d/#/resumo-de-jogo/estatisticas-de-jogo/0
156,Botafogo,Corinthians,1,3,56%,44%,9,15,4,8,4,5,1,2,26,6,2,4,0,1,26,18,5,3,6,18,1,4,0,0,473,382,399,304,13,19,148,84,46,34,https://www.flashscore.com.br/jogo/KAj5DWTF/#/resumo-de-jogo/estatisticas-de-jogo/0
157,Coritiba,Goiás,3,0,51%,49%,17,7,9,0,3,5,5,2,14,13,7,3,3,2,16,21,0,6,10,12,2,4,0,0,449,421,384,352,14,14,103,122,38,37,https://www.flashscore.com.br/jogo/6VUm58yd/#/resumo-de-jogo/estatisticas-de-jogo/0
158,Palmeiras,Ceará,2,3,55%,45%,17,19,4,9,8,8,5,2,17,27,11,8,3,0,24,19,6,2,17,14,4,10,0,1,377,307,306,214,11,19,81,123,65,33,https://www.flashscore.com.br/jogo/67n1ECE9/#/resumo-de-jogo/estatisticas-de-jogo/0
159,Atlético-GO,Flamengo,1,1,44%,56%,10,12,3,3,2,5,5,4,14,8,4,10,1,2,20,15,2,2,7,11,3,2,0,0,402,501,331,439,10,14,89,128,30,80,https://www.flashscore.com.br/jogo/YHWu7U6q/#/resumo-de-jogo/estatisticas-de-jogo/0
160,São Paulo,Goiás,3,3,63%,37%,20,13,4,9,10,2,6,2,13,7,6,3,0,3,19,20,6,1,7,11,2,5,0,0,539,305,470,247,16,15,109,84,74,42,https://www.flashscore.com.br/jogo/zaWLGd9c/#/resumo-de-jogo/estatisticas-de-jogo/0
161,Ceará,Avaí,1,0,45%,55%,14,16,5,2,8,8,1,6,17,18,3,3,1,1,24,18,2,4,17,14,0,2,0,0,365,442,284,367,25,20,97,115,56,38,https://www.flashscore.com.br/jogo/x44e0yPG/#/resumo-de-jogo/estatisticas-de-jogo/0
162,Athletico-PR,Internacional,0,0,60%,40%,17,17,5,3,8,10,4,4,15,11,5,5,4,2,27,18,3,5,7,13,1,2,0,0,502,338,424,251,20,20,112,122,49,43,https://www.flashscore.com.br/jogo/IJ7Ocr3I/#/resumo-de-jogo/estatisticas-de-jogo/0
163,Red Bull Bragantino,Avaí,4,0,46%,54%,37,8,13,2,11,3,13,3,7,6,19,7,1,0,17,27,2,9,5,6,1,3,0,0,351,434,268,354,22,10,84,109,64,40,https://www.flashscore.com.br/jogo/4IUceksK/#/resumo-de-jogo/estatisticas-de-jogo/0
164,Juventude,Atlético-MG,1,2,56%,44%,17,8,3,4,8,2,6,2,11,11,6,6,1,0,21,15,2,2,11,11,2,1,0,0,573,477,520,418,10,25,128,78,68,25,https://www.flashscore.com.br/jogo/tvdjxAzr/#/resumo-de-jogo/estatisticas-de-jogo/0
165,Internacional,Coritiba,3,0,56%,44%,15,14,8,4,4,5,3,5,18,8,1,10,0,2,11,20,4,5,9,16,2,4,0,0,550,426,486,377,20,12,141,104,39,31,https://www.flashscore.com.br/jogo/WjVoTWcR/#/resumo-de-jogo/estatisticas-de-jogo/0
166,Cuiabá,Ceará,0,0,45%,55%,14,8,1,1,8,3,5,4,15,16,7,6,1,6,28,19,1,1,15,10,0,2,0,0,355,440,282,369,22,16,104,108,58,45,https://www.flashscore.com.br/jogo/dAbUXCTk/#/resumo-de-jogo/estatisticas-de-jogo/0
167,Juventude,Santos,1,2,34%,66%,10,18,1,9,4,7,5,2,22,29,4,9,0,2,18,19,7,0,19,14,1,2,1,0,325,630,248,555,20,17,78,155,21,79,https://www.flashscore.com.br/jogo/ERdIvOp5/#/resumo-de-jogo/estatisticas-de-jogo/0
168,Corinthians,Juventude,2,0,57%,43%,13,8,3,2,7,3,3,3,16,18,4,5,3,4,21,29,2,1,15,12,1,4,0,0,571,426,495,349,19,16,125,90,43,29,https://www.flashscore.com.br/jogo/4EUST6Wn/#/resumo-de-jogo/estatisticas-de-jogo/0
169,Cuiabá,Corinthians,1,0,39%,61%,11,11,4,4,5,6,2,1,10,10,4,3,0,0,17,24,4,3,10,11,1,2,1,0,352,552,279,481,12,12,92,112,52,56,https://www.flashscore.com.br/jogo/xS65C51C/#/resumo-de-jogo/estatisticas-de-jogo/0
170,América-MG,Cuiabá,2,1,52%,48%,16,5,6,2,7,1,3,2,20,19,8,4,3,4,18,32,1,4,11,11,0,1,0,0,447,420,340,320,30,18,157,116,75,47,https://www.flashscore.com.br/jogo/jw5ebFt2/#/resumo-de-jogo/estatisticas-de-jogo/0
171,Fortaleza,Ceará,0,1,41%,59%,11,19,3,7,6,7,2,5,19,17,4,1,0,2,23,13,6,3,18,18,5,4,1,0,298,450,218,393,9,7,93,114,35,45,https://www.flashscore.com.br/jogo/xWtgXQKl/#/resumo-de-jogo/estatisticas-de-jogo/0
172,Goiás,Red Bull Bragantino,1,1,52%,48%,17,14,2,4,7,8,8,2,23,18,6,1,0,1,23,17,3,1,18,22,2,3,0,1,359,357,291,279,14,12,100,85,71,45,https://www.flashscore.com.br/jogo/GKCr1Hdq/#/resumo-de-jogo/estatisticas-de-jogo/0
173,Flamengo,Goiás,1,0,64%,36%,12,3,6,0,5,3,1,0,22,15,6,4,1,3,8,24,0,5,14,19,1,3,0,0,578,317,510,247,13,19,132,81,58,31,https://www.flashscore.com.br/jogo/2mLDcrji/#/resumo-de-jogo/estatisticas-de-jogo/0
174,Palmeiras,Red Bull Bragantino,2,0,48%,52%,14,11,7,2,4,5,3,4,13,15,7,4,3,0,28,22,2,5,11,14,2,2,0,0,385,414,311,335,13,13,44,81,27,35,https://www.flashscore.com.br/jogo/xWInqqyb/#/resumo-de-jogo/estatisticas-de-jogo/0
175,Red Bull Bragantino,Atlético-MG,1,1,38%,62%,6,18,1,4,4,4,1,10,8,22,3,10,1,2,20,28,3,0,13,5,3,2,1,0,384,648,299,547,18,12,110,126,46,42,https://www.flashscore.com.br/jogo/tvKHd25c/#/resumo-de-jogo/estatisticas-de-jogo/0
176,Atlético-MG,América-MG,1,2,68%,32%,23,12,8,9,9,1,6,2,19,6,11,3,3,3,20,17,7,7,7,22,4,5,0,1,538,255,431,153,19,19,142,74,73,28,https://www.flashscore.com.br/jogo/rBlkQUUI/#/resumo-de-jogo/estatisticas-de-jogo/0
177,Ceará,Red Bull Bragantino,0,1,56%,44%,14,18,4,6,6,8,4,4,20,15,5,4,4,0,30,23,5,4,11,20,1,5,0,1,445,355,341,275,12,20,128,102,50,32,https://www.flashscore.com.br/jogo/0SdYTCVg/#/resumo-de-jogo/estatisticas-de-jogo/0
178,Red Bull Bragantino,São Paulo,1,1,33%,67%,15,24,3,7,8,12,4,5,13,14,6,9,1,2,13,23,6,2,13,12,4,2,0,0,242,495,164,412,18,18,70,119,38,60,https://www.flashscore.com.br/jogo/pY1Ev9SE/#/resumo-de-jogo/estatisticas-de-jogo/0
179,Flamengo,Palmeiras,0,0,56%,44%,17,10,2,2,9,3,6,5,22,17,9,6,1,1,20,29,2,2,15,21,3,4,0,0,444,347,383,265,24,26,131,82,37,38,https://www.flashscore.com.br/jogo/UwJkxyOD/#/resumo-de-jogo/estatisticas-de-jogo/0
180,Goiás,Palmeiras,1,1,25%,75%,9,22,6,6,2,11,1,5,8,16,2,6,0,2,18,34,5,5,16,7,4,0,0,0,197,605,123,510,13,13,58,150,27,88,https://www.flashscore.com.br/jogo/KYfNJ7jk/#/resumo-de-jogo/estatisticas-de-jogo/0
181,Fluminense,Santos,0,0,66%,34%,26,3,6,1,11,2,9,0,27,20,8,1,0,4,16,19,1,6,14,18,1,0,0,0,545,285,481,204,18,31,153,76,51,19,https://www.flashscore.com.br/jogo/phbhGYqc/#/resumo-de-jogo/estatisticas-de-jogo/0
182,Fortaleza,Athletico-PR,0,0,63%,37%,23,7,6,0,13,6,4,1,13,15,7,1,1,2,29,26,0,6,13,12,1,3,0,0,499,297,405,194,13,25,149,87,76,33,https://www.flashscore.com.br/jogo/jVWvR4G5/#/resumo-de-jogo/estatisticas-de-jogo/0
183,Athletico-PR,Santos,2,2,42%,58%,14,14,4,3,7,9,3,2,18,39,7,6,2,0,18,25,1,2,21,11,5,3,0,0,295,418,230,342,15,10,91,109,42,36,https://www.flashscore.com.br/jogo/KUKZbnXC/#/resumo-de-jogo/estatisticas-de-jogo/0
